0/1/, bc1q7ljcc9ey804f549976v4c0hey9mxaf28yzxsax
0/2/, bc1qufrta3uu2dqtfz2adm0cwljpyd6nvy4jf65qpc
0/3/, bc1qjct64jy0yrh6440r56jk2jtv94239jsmtuz3fg
0/4/, bc1q46yrgpejyyu7cm49xseunxhlyssy202j4ttvtk
0/5/, bc1qk8mftxdprru5d093xq64eg588mm9suce2g68yk
0/6/, bc1qa0q48hhyasz6evg8xc8cj8qgkg4uf4g26flxcl
0/7/, bc1qduwmrkkqcdrhs0lxdj30vaapuanhswcgl28yfs
0/8/, bc1qkh6n9c0ytwghy7jqptjpw4lwhj22ymw558n9s8
0/9/, bc1qyg3ngs8smfchhhux7pj5hczazf9ltu8xzs3fqn
0/10/, bc1q8rte8tvvna6l6aq2mm7yt8wj4ptcerhkg0c3hu
0/11/, bc1qckgl5g83zydv677nq3s54efacez3r6getzrcq0
0/12/, bc1qhvt7kf28vzvy507snmxtndl5ug5k2z8q5h0v4f
0/13/, bc1q2xykt94uufjs9kgk7vuyvlf3sl45j0mwvxh5n8
0/14/, bc1q52vd68x93vtl7nevjr4r2jdjnlw30yhsj90ceu
0/15/, bc1q7xymy76e0296wrhdl4keqyznzquqwnx6tpyt4w
0/16/, bc1qace5y69wengwcqph00wwam6jkl9wdcy632j303
0/17/, bc1qkrrdr08w50slq82jh7x87lm7uyhlte3q69c7kv
0/18/, bc1qkcw8vtsy4jtdxv82st8dgwnhyt48ruleqhhu49
0/19/, bc1qkj2vca9kcfnmxarkgtrfm34pvfzqtp03vef520
0/20/, bc1qwwkyyaapqsccxwr59qzduxsnz7qdj57lcc0yvu
0/21/, bc1qpv3xeftx92m9zm3j6rcjtwk5f2qkt950tvv2v0
0/22/, bc1qphae78480kcrgd6jqnz40k7mnuq23pvvhg7pr5
0/23/, bc1q6jx94yqd33glu6n56tq5xluqgtph9507jxd9kn
0/24/, bc1qc7dtny9x4auk8dh55lfsfnfqxf7xjfu80mklwt
0/25/, bc1qwnud0wyuqjl4zwgqa6w4c7rnhjla2qc20kxnqz
0/26/, bc1qa7yt5t0etr59k4q7d9mtr374glnadht6uldp5g
0/27/, bc1qpa5wu9u6xcazhd5r4fxxvv6rg65cp0dt386r9n
0/28/, bc1q450g2h9r43gnqhah45nywqsmdvrn4euldly0wz
0/29/, bc1q3fyr0taee835gcgmfa4y0gztx9k42tmjz8shny
0/30/, bc1qa3ac7ty7q92wukvyelz27zekj94nln4g5n33ua
0/31/, bc1q2gn9m2ycqv8rgesr82wya7sdyse4y8t0ztf64j
0/32/, bc1qq7gr8m0rjtyceff89kzvlcjg0583uhxpxcz28p
0/33/, bc1qktcndwlap5nvy52qf3v5svmtx0zpstd5729g6t
0/34/, bc1qqk7tf0qkty76stvzg5d7mgndz76hzh2jf9qthh
0/35/, bc1qf3hl6rq5k5njaag79p9h9dkd0sqx4mv24dmmxk
0/36/, bc1q65umkd9ejj76xruc4pn3wvz5tdeac6hftpg0vm
0/37/, bc1q4gngswks39m73v94gks3wlvlmjupkxlsx6zahc
0/38/, bc1q6umlqhcg03e692hufceet492ter8lg55e2zxr4
0/39/, bc1qm60gtcs7h0ec063cq0d2d0atzjky65xqta2fyv
0/40/, bc1qjg5kqc5vmn59gdenvz0zancj0lvtvajc4sjmrc
0/41/, bc1qyrkqyafxlp0efp4s4cjnpdjzh84a5rkys5384d
0/42/, bc1qptt9dzaa402yq2cta49qfgdary3ngvdrc4pzud
0/43/, bc1q03hkjz2m300dntf2jffgq65fps65fczv8hgvm5
0/44/, bc1qhnv70vazt8hslr3tnjupuc85vnxmfkp0gw6xqs
0/45/, bc1qa3zp6tfnwe544yhx47mpjjjjvsu3kesqnchkag
0/46/, bc1q7v3v3n3s5zct5np4y8mlt4ksjxy9csjtf53a9h
0/47/, bc1qanl4sfl0dd0swlclh0900pvaga2qsz7rs7dwt5
0/48/, bc1qrsj39eczsqcran9gtcfu5jdp7fg7va3ucck7m2
0/49/, bc1q3hv93hnupsuxerakx8yqs42hrgeu083ldj2wpa
0/50/, bc1q49eqqmzaxccwhe9xghuqt3rwt2pf3wezk0ugws
0/51/, bc1qa8wm8jtcfsrrzy7sq89hdeqjqs7aynh0fzphh7
0/52/, bc1q7rdmm2yfu85ekfpyppy4e8e5x64sx4yhfts65n
0/53/, bc1qkkuagww3u8rmamw2f8srkkr7apw2t72ygwk8tm
0/54/, bc1qumy49njq8p9aaq83wkeqn53up9j9zs07mzus9g
0/55/, bc1qm9sts335ejcwgd0xs3jtrph4m230qffddmz0gw
0/56/, bc1qh507pvsfx8ng0an6x6vqsn4e25s5kn5lkfz9s0
0/57/, bc1qrxx0n99t0k6h2fx78ahkl8v6xttjgpe6m67exu
0/58/, bc1qw6acyw8s669nwejpz2audvjx0ntp4mxhfv3nv0
0/59/, bc1q3j8ngt29k84mm467l2t0deu8p6mk2pkrwdk7hd
0/60/, bc1qxle766qk60n6nmn599wwy6jv3aalypcuh83c9y
0/61/, bc1qrlzg2e676lvnsvu88cteuv3875glzd8knrnv3p
0/62/, bc1qmu6jcxx0s3gc44a5rwa7v62n9d8aqkx0rm9ndc
0/63/, bc1qszga3z6f5q7xgswrgc05vdpnl932na6c0rczk0
0/64/, bc1qk7dpsalc0wynntkut6f4rdzw87zftpeydnjgvq
0/65/, bc1qy3zpc80vzhu9azax4euvlgjp2h03ge0z3cz4uy
0/66/, bc1qmmjhwtxp7rk5mrekzuxg3w6th92z0fla3aduzg
0/67/, bc1qpp0zge6jrs2pvn8v9wvkxcmuad0g4nu3h7ds26
0/68/, bc1qfp2maedwywryrwznuwkwxua87h2w2r5spl5lge
0/69/, bc1q7qaffc0c0n64tlmpw0vfz5k02g8uq0evvwshjk
0/70/, bc1qpgtcz7am4ppajmc5qxnfsudxze5vxz3qw852am
0/71/, bc1q0qtgw20t0a2n408p8xuhnr0ev75zcdzx6u7qdx
0/72/, bc1qstut8c58rqeqtcldnlzv0kjfz09zlqwhfg3g7t
0/73/, bc1qpnrrzp302630up82nl3xnl5cge8vdrq8rkjzmj
0/74/, bc1qnrpekgt49n7sugrvergguy8whns7hj8qe54nut
0/75/, bc1qnswnpe7nzg90jzqnx0xl3z0jwylfw4q5fmcg3f
0/76/, bc1qhv6khatj54u6w4c855rm6kgyaaq36ea9qk408h
0/77/, bc1q3rhecfreeu54yrgz75u80rnuhkaxdfqshhx767
0/78/, bc1q7x3g4eh8aj3xhtsx9dh03qsj6hkjgquuj5xlka
0/79/, bc1q82s2rnwnufatyafmawkf9d8p6vtxma43ydg3r5
0/80/, bc1qkv396um6mvsu8t0zr5le7p84kpa64xcdkzdp2y
0/81/, bc1qeukyhzggzzxs3h46yzpkrcmprggcsx8ng0amxm
0/82/, bc1qsj5w6x05624m02x5v7zjjh6206egmlu34p6dtw
0/83/, bc1q8f7vcs3kj9jmdn99cck7yrya4wdjh4qn422asj
0/84/, bc1qf3jfm8pyg67u9vf6alrvzugkd7n7h4erprfuhd
0/85/, bc1q7p362vzt9qc87n2r39uf9v57kxz9agyy3vah2k
0/86/, bc1qq4ulugczftc6waxlerwcx3qh27gadrr4gqws5d
0/87/, bc1qhe8uz9gwj30955gfzrgmwgmnvy7e02es0pna3t
0/88/, bc1qgt3jcez8hfxg47j3uqy4amfjrljk7c386j4rjd
0/89/, bc1qc20deyyjgq3marvnrzvqe8327hpw55kzj0qs6h
0/90/, bc1qwgu6j8c8knmp5pdwpvp62p9kw6skxgrs9s58fv
0/91/, bc1qccxrp4yqj6eyuc4hu66n6xxnnauymu6ds7tp9p
0/92/, bc1qagmv0uf8pft8pqe8u2uyzrnrdrhgccz6076m4q
0/93/, bc1q6f2wmvuft2trephpt7fk0q4g4d6284xc4s20h7
0/94/, bc1qxquqm3c37gqt3lvf8drty3y4jpef4a8v67zvu6
0/95/, bc1qqm5mvcgmcsv5pn5am3llc945cgq6kkdegghjf0
0/96/, bc1q7aer8ffvkmx6kkmh3wmgfeh7dnm0e9c2ctkvnd
0/97/, bc1qwug2fsct29q3fnuazazmz70st0xunl26tkyqsr
0/98/, bc1qa8pqq9y0w7rnza7p5upyyw7ggc24k78f9vycal
0/99/, bc1qzl8ftyfvzckusmgzrdyaxy3t2fmr60cr6tykfr
0/100/, bc1qf3lmgaaqed7cccrydd73gma7efmashny0240ea
0/101/, bc1qe325sazte97wl6t88pgew32zzttv4cvy9kahjf
0/102/, bc1q05ds3gaudepn3p5qr8dunmrmvrl4pfduwzyf5q
0/103/, bc1qcuans42rmwalmxyt5zfcsyg7jgxdynp5kgedsj
0/104/, bc1q6kanzyljtdpyx26x7cettdkzddkad34z8gnhk3
0/105/, bc1q2uk2kela3ndzdaxljglcgtmxn3qsjazqdvvw39
0/106/, bc1qs4x6cqas4pz0ycz4htx7flhx28cdl7ql0l67zx
0/107/, bc1qhmcgkd0mh35ywv7jh94aeyufpxz6cfs9xn34l5
0/108/, bc1qhtm6sc56fef9f37hpezare2w9zasfjuun5cnlk
0/109/, bc1qyyf8reelxz0v5wnyxtya0jylwk7kkcg4p6udwg
0/110/, bc1qnqddm94f9rva5uuu4wdcjgw6c7pp9cfzhahgxq
0/111/, bc1qrnc42rtnsl63vyca539f9lgrm5fekehtyhus5v
0/112/, bc1qp63tv2q7vglmssy2x6q6j4ct4u9txj9qa54wfk
0/113/, bc1q403ycxx9w4lrt3pvax99a49qv2pfsld9jw6wf6
0/114/, bc1qfyf6rqlm2l7wk2ldxp3kd97rd9ypl5c77ha3fe
0/115/, bc1q82lanrd96e24hcuhf5mfe8z3mfgrp9vdlmu94a
0/116/, bc1qqrpsk8j83fed2algufwvyxhyulgd4v7zuzm7n0
0/117/, bc1q4f4829h76cjf9u3denh8n8tkjds3mcqyqgjv6t
0/118/, bc1qqcp7a7mup3yrgsvh0y76znt4s699fff48kulwc
0/119/, bc1quzn4z26wpldq6xw8ju0ak0ayr3925sgl0kysvd
0/120/, bc1q5aumlcxz5474p9wpwdwxp4epk3mwwp6dvqfv67
0/121/, bc1qrkeu4t5fmamfl0g52menr0r4p6edj7uglvd9np
0/122/, bc1qasy3gs2z0zdtsz34xuk5xnyt720ryevqdpv4px
0/123/, bc1qfalusgkxjf9c5fvruey9emavppcu72j3ac8lr6
0/124/, bc1qg9hvm32v72uz44uf7vshhaj0mwly7vv46clsfc
0/125/, bc1qsz4hnvctpgvm36us8eyz3jge62rnr5aca5u2v4
0/126/, bc1qs6uq7lne6qxdkvvsu2wapp2r63eghgxy0znemn
0/127/, bc1qhm0zl60egrkv6sav0mfyey4866kcwefh9rtu2k
0/128/, bc1q6xr3gpwg357ruumzc0apnuqcfahn8wt9afhf57
0/129/, bc1qd707lnm9tsndlhy2c3n0p0qcc8hcdlf2an932v
0/130/, bc1qva2wxpvex29f7fffc8jkl8gvqxayg2xyyggvnw
0/131/, bc1qm3vy868n033n2w5qdcwmrs3vd3cfe4znwjl2xp
0/132/, bc1q0edeagdfz30lulrf66ykh90t3vkxgz27cwymzn
0/133/, bc1qdxyhrudjjhgjjue9uhql42fng6vssept3rs2ed
0/134/, bc1quwhsjf9775pk8082du702guahcuu88ske37wug
0/135/, bc1q2cw5pexx55c9er678pj9jj053a5la8zpyhcum5
0/136/, bc1q2n0eup2ggm6rup66z5wwzqwv5ylj8y827c9hn6
0/137/, bc1qllfuulwjzgwsyrd0lq38yxdrsusfqts9hhakws
0/138/, bc1q7ew8fa6qlxv2sjnhhtg4smqpg5tflusykwln03
0/139/, bc1qe4p02xq6qdnyggpxq7z4m3vx2w2a9dtvh68ldy
0/140/, bc1q7evy82gx38hwqzeukuhc4z7hf4vaz38ghjf86z
0/141/, bc1qqnedcg6wzlj48sexthxp4e9w96knjhtczahtwq
0/142/, bc1qscw2qfvyanrnfeyzmpntq43m83h5ngudk84aa0
0/143/, bc1qr978n2hcfgafzzd9ep0w2f38hmu5ltc395s30m
0/144/, bc1qgd7pe9rwfd9236ak98rp35jsfvnc5tswvvgua4
0/145/, bc1qznu2cejhfndzvr527kxvpdc4ydee9fzz6qqxn9
0/146/, bc1qnkthrkekcpwzqrqsrnc2v2yuega4y3xlnsh5mf
0/147/, bc1q7wdrpze5l7h4cmx8mcd3krju9axepkqcrgkeq0
0/148/, bc1qfrj9g9hdt3n2990ltcl97rsw5pq7d200duy6t5
0/149/, bc1q8awh3l697nac7ska3tk44rq34swkqwhpwttdwn
0/150/, bc1q4v8ddnvsvz2kdhmem7zn00hzgqwgq5qa650nkh
0/151/, bc1qv30fnu6f767fk48s6l6y6ffkc9tx0ucaut8an7
0/152/, bc1qhmey9mwzc6x0gmp62g2erml5aa5svyk9mh8ld4
0/153/, bc1q44pf9e5j0w7kkvclx2xly7ta4qxx5yszjuwn83
0/154/, bc1q5dgyfe6c5adsd4yzpmjqv6tj7u6uwfwfwn3hwj
0/155/, bc1qsjwy8p0xf9avkvge6kg86qkr7rr5k5usg9hecl
0/156/, bc1q0kqf2vdku2xugwnty2vhj0vxlvkwyqn3dvqv3j
0/157/, bc1qqlg0k3vq0k0039nqqf96gtrvm9pdc0cknjnk38
0/158/, bc1q7avme0pfyz2dw64sasyyz9nahwrtwshfuyfegk
0/159/, bc1qql8gvl2zt3urlcellspuvvv3temkr7qnaedd4h
0/160/, bc1qny0ljksn5sr3678xjlwvr633rfmds8ekyksgpr
0/161/, bc1qwppxz3hlmuu4ky7uz0rmlfsdkg7wzhsjg0zp0u
0/162/, bc1q672dy7ln9y4muslslrcy89fhwdyd68j9vhpp25
0/163/, bc1q6tl4yksgfzxkz09j8qeg3whq62q8fnktql0h6q
0/164/, bc1qwp4uuw82vmq3p89uufu933vnxvvvhu432ly074
0/165/, bc1qlfnjwmcfvrwlegtyfl782ymreqxmqjtk98racc
0/166/, bc1ql2cc5pvfahhf8hyn493hud8c9899leaj0gdwp8
0/167/, bc1qzk70ed58cne5kutvpmpm7jkl7cwlzkpcdmuc6r
0/168/, bc1q99m2f5mumyxs2vy0ezszh5gxz8sr0ru8p0s9qd
0/169/, bc1q9rmf27fms9grdngurumdu9rat7e2z4nk7w7dgc
0/170/, bc1qlzpaz52g8vqehke5huqljrte4g2usenwnf0q0a
0/171/, bc1qkwcu08khp9asakd95kh42ajah8r6wwexl8hl3a
0/172/, bc1q82jphs8q6r45whv5xn0t244wtjzd629s0x9zgs
0/173/, bc1qqvt7t4mrulc60yzykas5dgf7z44rxnfslkdhul
0/174/, bc1qhuf7qrn5p52mzt9grzknc7umcegn6gddxf9u3m
0/175/, bc1qrzm6fayk50fnspek8aadh3k2a24hkv93jqllyf
0/176/, bc1qt0zmel4f0e5ahmjmdzzz83qqxsa87rxxh2cdph
0/177/, bc1q4swvdfp47hh57e4w65jpuym7gkgpnvzfg75rfg
0/178/, bc1qjvgja92nmhdpw59488mr7lza3983gaj546mpae
0/179/, bc1qaxj4pe0as3ph22vc43zqx463v5nysxuvmrkuex
0/180/, bc1q8g63zty2x59uwppekn72ef5y7j85ke2575v504
0/181/, bc1q677ryw6kuqeqjd7p2lxsz7frphsf4f0qxf9r7n
0/182/, bc1q7p6s8ggvfy5mqgylzggwczwmhqa4tgfrdzslae
0/183/, bc1qnraxmyyqmhtmcmj5h0jg0j3rpr7qmz94tlrgc9
0/184/, bc1qgvfwnz4f4g7qs38hv67ylp7xfj4dtzz3alcs9t
0/185/, bc1qd8vnx3fhwuacxh72qa8mvdhdq2nrqwm5hg0eqc
0/186/, bc1q7jtdk4wj60uausjwv595x4ln0gyz3qdjrv7vf7
0/187/, bc1qjldhpcm7lhscd5ctlzdpp7f6ew3e3ahh7qz37f
0/188/, bc1qxtx2r03k3jfxp33uvlgtv7mcd6hcyxcq5j4ldp
0/189/, bc1qf7wjutcw37zfttrhztrsapk6xax94uxc3xmlvs
0/190/, bc1qzqtet04snu6ll4fsuqcsuccp779twjhcp6z5mw
0/191/, bc1qc7gm35ny4gtj5rmhf4wm9wgn4wsgvpa93q5kyu
0/192/, bc1qwdh0tldnyec95azj6377euk7te0yjhqm8ryg2q
0/193/, bc1q0tuc4fscem79v7x6kwz65kn5vffxvmsr6uveyp
0/194/, bc1qgnl4dfxnhwzr05l760tuvqk0rjpnnujpd4h6jn
0/195/, bc1qhtlf5m0x7px69vwx0f7p3r2k6rkp6vvvufkn0t
0/196/, bc1q508mr797trraz6w8h902umzdaah42kwksmsy32
0/197/, bc1qsx52ta34lkc5nll3cwxh6afmhjvngc9z5el0em
0/198/, bc1qjr0st6ggjhv9lu7th70k53v9fde0f7vxs5len0
0/199/, bc1q2x8wy0mqpj58xvsvws3yjq8983t4qnq28wyp0c
0/200/, bc1qltjcahusuz254242um2ezsvpk434u83rg5zjv0
0/201/, bc1qnf2d6x6p799dlsxjfuwpapnlmgdwvzph6ql89t
0/202/, bc1qc5wxgknl5qj8p2fjyqvmq8k8qglav0zcn35mtj
0/203/, bc1qlj98hkpll8pla8fuwu2tpkatqu5adusjd4pzfx
0/204/, bc1qcrv6jmfsgqnglwnhkwlus5g2xcrurue35plcr6
0/205/, bc1qrrq2kl6kkvxl4mktvtvsdkjupxmwsgn7yqcqec
0/206/, bc1q8hlrd96f77qkrz0qltf0jvtyysxmxqsfh8s886
0/207/, bc1qq37nfnquzykvxpdkyg2dz59ry892pesjpp26k3
0/208/, bc1qj3c7t9hcry7m279dsd6c74vtluhl8gpa8gt03w
0/209/, bc1qqmkn4mzpuvjaqzlu6jcvy9m590uavr39dwvk9n
0/210/, bc1q5cxhwr4ducml3lrmug7f48p7xnqrs50q5r6mn2
0/211/, bc1qg2m3t4e3l9w2dysjpatcfjsrnkdhq6qzy5duan
0/212/, bc1q5pp6c79cm47k7catdls54s4t3u8ekp7wdmwax0
0/213/, bc1q2azsf0yh80cj8gtwq20n8zw58lkq0pqrdt5ky5
0/214/, bc1qvvkasaqfacpt9cyfc32hgf86wawct2dwvtqgmc
0/215/, bc1q70v84elu9uztrnyexcwhvw3tlp2hy0tur64nax
0/216/, bc1qha34u028fqzy2qtect8tml6q49kpp5t8pffcc8
0/217/, bc1q69qnwepafmk6dk296d27tecdh95txxwp4quq79
0/218/, bc1q8cprquv9rz0kvy2ksz2j68gu3lva705se0umhu
0/219/, bc1qqnk07rkqcdzy925yqan7zftx2sq9cnx46daa3t
0/220/, bc1qr9n7dtxx8zmdtc0wrlltw9rrcc3ycjq4xqa07r
0/221/, bc1qy8z2qf57d6q3ewjjapn2vpr6g30ega04r5yx0c
0/222/, bc1qy30jrvya5h3lkt0q67jy42e22ft7nq3d4dy5kz
0/223/, bc1qxa49p6j9wk85ng89vwnhfsqyap7xpymh55ushe
0/224/, bc1q3np93x5n0kauk9yz8uukqhz4scsnnlu2zz3xs8
0/225/, bc1q23y3d43e068u7ldgd8eqpvntygajz77dkyzmqc
0/226/, bc1qcmyrcpf672pgrk2skwytatdlg8ckhm8t0pc33t
0/227/, bc1qdfn8t3h0lvuvt3yqv02ns4n6gn4yf42r6a4r45
0/228/, bc1q4xym4dtjm7mp9r6r3xn4u5fzvqgw8ptqqge82k
0/229/, bc1qdd65qqhtaur6htetgafucrtne4x0w9x5rq23ht
0/230/, bc1qwm6t00k9l08whdscs962p0ll0r8xfaw9lplxvv
0/231/, bc1qp78hguhvcyk990lvvm0jlqw8xkh04ylzwkgx2n
0/232/, bc1qhwa5facsljfg6eahyt9hxfn4lprfwq8xcrh5v6
0/233/, bc1qdsz0nxmkxm7saedlwxuevmyvud67dmh9s6ppxd
0/234/, bc1quugwpztqwvlmnfq078xsenu3lkd0j4xgxrze38
0/235/, bc1q6z4fa46rmlm9rwh8d7lhwphv3mckxw6a8lrnfm
0/236/, bc1qn70nc26dhhf7d2uarm0q6chqmx7dqqd6906rlu
0/237/, bc1qkmwrus3y0ysk8876u4z4d6scd63uf7cxyqwxp5
0/238/, bc1q9nrax8shu3nn9gs2dx7nn65czwz6dpvxa3n3q3
0/239/, bc1q3yeey3chy9e5d9nq64xjuwaqefn4vlra0nnhm4
0/240/, bc1q3gasvysrfy276r2rhw58yh9tjvavalx9n2l887
0/241/, bc1qvsx054zyc7wwvsc2s63wrnckj2fxtcdkvtde4s
0/242/, bc1qj08vz6xvlzml02u08s5qqwvtx5nxh6rjjykdh6
0/243/, bc1qdafd3ycp9q0w73wdgaft9vghgm2h9vsnst0uqh
0/244/, bc1q4ym3ytvmetjqjhpsr784qlp63l0llmwumtcvcn
0/245/, bc1qwlhwq8ggm5jhe5wt8336lcv30vm4c3zna7wf8d
0/246/, bc1q3vmzqygn5sty5qejxjfhp5t8svvfnycxu70xrm
0/247/, bc1qpx8c93hum4tg6m96urk2gvwjyeeraue9454nnd
0/248/, bc1qd4skfz6qm9umafltu5jhswzrzvp9g066ya4w55
0/249/, bc1qv3pz8qredpv0edskxcs859edwtvhcwalqwmguz
0/250/, bc1qx2x47ssqgvt98c7c7cktuwgh4devfl73prx6q6
0/251/, bc1qcupddy6d5e5eqpuav2hepuux5237wdvv8dxs3r
0/252/, bc1q388y5s6mqruhtdhgk4gxqhwyfcak3yndwlchg3
0/253/, bc1qrmarr5vkkwsclffm2qzr57zd0eqx4asdmp2n5f
0/254/, bc1qdewd7galleqqt4edhlzyk7qxu6qp79t44waleh
0/255/, bc1qrcvwa3400sfjsjsv8degypfctqv9tvcnevl4nd
0/256/, bc1qxplezpg2n8qtwcjzy6hnk5j4udvy92cafhe9qy
0/257/, bc1qwx2xxj8rcj3n2zzp25msp7xa2lg9qltxgh2w8r
0/258/, bc1q3zcg094nj67c7hg7awtqyjq7x60usm76u3k2tj
0/259/, bc1qufje0zskq4nx3j6hcgjwy4j2efhptl674q0ryh
0/260/, bc1qr2xht99hfa9lmnczh46gzy8wsvtky95qt5gd3z
0/261/, bc1qyj7sfl4dcj0pxrfz827cqzenhet3t3ewwrptkp
0/262/, bc1qdwlqusz3ww00ufpm8t4z3rapjyyq0hvqau8hmd
0/263/, bc1q58y8kca5gzwyvmkskg646a3gh5sdvqpnvljy6t
0/264/, bc1q0e2llmvs3q5whengwtsc7u62t0ewmamcnjkm5q
0/265/, bc1qs56lypy3prc4a44ll8clkg70g6faq26pxh8ree
0/266/, bc1qhr94z5wqnw28a9q5hamuqqkh683v4r77xjvdjs
0/267/, bc1qcqfy89rys27cx7efud76mfe8wnqhdd08grkp3p
0/268/, bc1qs2yl7g7486etgu9hhvw9wmuv6zddmcrumfjg9l
0/269/, bc1q25t8kw2aqaplu2ur9tdrv2qqd93jpgcxamq4gp
0/270/, bc1qef75y7ukzv9tkdcjcjkdnu7788yrs20w2470lu
0/271/, bc1qapuj5pzrlrc9kyas7snuer5c0r8pwkgmzw9rr2
0/272/, bc1qea6ng7quzlsv6xz3jmjyfnz7a75hkqan3urxlh
0/273/, bc1qhgt5qaknrzxuh0fz9p4p3j59e0wue6crpks6rw
0/274/, bc1q668wusvwgd7dtpdzpvta7skclycrxvsud4zkm7
0/275/, bc1qqevp8d6pgsxxdkx4slkh3vy8gywfhcev4dkh4r
0/276/, bc1qc2qhlmw8m9qalvs7xln3ylxpemjk3hgn47zjrt
0/277/, bc1qus0welc90rnw8hqqt42eegnqq3tws7jjss9rat
0/278/, bc1q6l4wq2r7g7a9h2d696tfaghj8hu7xf9pk4zjpa
0/279/, bc1qqd45uuqt6zg0dclrq6088xk2g3nuz6vcrmjg3t
0/280/, bc1qv7h9dd6hh3d6vlw0xjgw9z2w7yy5ne2dkzp8jv
0/281/, bc1qnekl3493jvnw42hpv7ugqz8fpf9rmlan6d0sgz
0/282/, bc1qpsd4tnttccanzyzvvrpqdjyg24t3uk7fwwyy7s
0/283/, bc1q3uhszufyk6wjz2r20feslhfcr40z4m8u67e94n
0/284/, bc1q780hgmahcujkxjyy0vzd4txl5afl8yh2jtqu45
0/285/, bc1qprrj3gv33kmjtxpphw82p4ywnc7kyy4j6jxnk4
0/286/, bc1q6zfncr0tsgzvq3l3u20dwk5mrzzjr5nnyywax3
0/287/, bc1qep3lu3uruux72rkuq0dulgpcrcly0hxadq0y29
0/288/, bc1qq7qadqmj24udcyjdjnaaqqfn2uz9ytxmnckmsq
0/289/, bc1qn4l60e8zh8pxu92fny0esq9qdrwl3nvzapzvtx
0/290/, bc1qpz8luarnc967kpa2rzpquvrwluelcskxun7tug
0/291/, bc1qawsrc7jvkaa00m7gh3zq3thf4wy2a3psvx4c2a
0/292/, bc1q9ns90app8jemgdw5l5sv004ws3uvzec8uwc830
0/293/, bc1q44ezufexa3xhef6vy6zfan65mdcyjvqumlpnex
0/294/, bc1qdm2m7gkfs62294psf6kkzp37scts5mymwz7nwf
0/295/, bc1q4t76a4qgus7cwyqkst99m6d5yrwghketeu0yde
0/296/, bc1q5juezvpgnym363j5fzfeprnczc49ncwx5dfesm
0/297/, bc1qevp76ntmfzzc7ecll3ga2cvmjmgpdkdju44akd
0/298/, bc1qy74727aduh63y7zattqrdmxmq37rhg23tdyj32
0/299/, bc1q08tu2uk8npcsjcrdlsnxvnlrz8vm83zps282x6
0/300/, bc1q86kr8lj0u0usx4uggv0f52tt0tmgz4cjwg60tv
0/301/, bc1qf42e655jul9aat2wkn5egexk2sf5ys75qg0yag
0/302/, bc1q2uzjujqtl57y750yre9rjh444u0fhkmjpjdpgk
0/303/, bc1quj20clfp3de6k0nsv7s7h6eqqkaslzprhpez0v
0/304/, bc1q3zp2jnwmj2dw572uhg9kvj3gzr26d9nnmxh89y
0/305/, bc1qyupjlfevkjmzq7dap0an0cs6d34ffqacdf25r9
0/306/, bc1q7zadvwfl8uhhhwvny2yd5w9gugv2f786p4732z
0/307/, bc1q0sd04n0wqyzzulaq42dzzuz4475d0lu28q7730
0/308/, bc1qpp3p968v2r6er5582sg6gswsp8ld0kg4r84xud
0/309/, bc1qf5v93tcm28zexdgu4auy0azmk67z2ffwex8g62
0/310/, bc1q79zpt3n9snc9lz5rtkmlze4kp53zdfnzjfksrc
0/311/, bc1q6f9z79yetgutanhpy25eut97vv59g4y23lkv8w
0/312/, bc1qc0ptxldxknaff09af0u78qnp8j880q7ah0v4yf
0/313/, bc1qh08kzjpu8nhrqxp6w8448cmnsm03f770a9ltk6
0/314/, bc1qqke2e6fucwtw8psq49j3gearg7ztwstz49040l
0/315/, bc1qsycsp8rlxe5nmm39ceyc9hhdv654n5zc4fhkkt
0/316/, bc1qp25at9vveply0zamjp8lhr4z0fuz5f3qh8p9n6
0/317/, bc1qsfx45pw6ulndkfnhzmje39gcntesxddta426fd
0/318/, bc1qt884ez653am9ass0q2xglu8m52tce55at6swdv
0/319/, bc1q90ttvspmvmymm4wmgdypjyjs55hyrh70jjza6z
0/320/, bc1qtkw6elhkgk65e075mln52ej7wtdp52u7umuucm
0/321/, bc1qyyu2ynq3ktuklgv5pcs9p7a3cdq276x3y7cxet
0/322/, bc1q5dpsn6a3rl4nkjdw6kujz7g5hn4dw9q5m7dcrm
0/323/, bc1q5cllkxfdx4k7hs46flchfnk87qfxnn4wws6uvf
0/324/, bc1qqxy75vesfvredaupnfp0t7m30tqdefgresh6kw
0/325/, bc1qfhyxad82eh5nhwl6j4peyqtdzdw004eswyvez8
0/326/, bc1q7qyalkppkp7h20refnvh3kmh53a8lfxrx0y8hl
0/327/, bc1q5uj5s7sxhf4wt7p0v43jvdqk7yg060kukdlgxs
0/328/, bc1qq606gfag7k44zm40a7f3hlxy8fdccfxgryjysq
0/329/, bc1qwwa236g25asujrfyxw98vqv27uuu35vufc0lys
0/330/, bc1qc8wwvnkpg2j5rku36md7ypjk8rzvxrkdcfe73d
0/331/, bc1qdl2mafs6gfq8uc9ep3dynxhjvz0r0stjm7d52p
0/332/, bc1q327e486m8k564pfp3j03pa3w5gqrgswrtzzyvk
0/333/, bc1qz7tn7yz66ex6rv5pejy09zvvtac925qadkyc3q
0/334/, bc1qdg45amamtalyhf899fg5kqrk6gcwunjuf4xses
0/335/, bc1qqhkwdygy2xvn4ng44hvqzckyytercszqt0hksk
0/336/, bc1qgwa68mdgyfaywya0sjkmpd0vrrunjta7em8v06
0/337/, bc1q0shtnxsdvlzz2x867al6fe4xcdz9mhjae49l34
0/338/, bc1q38njza4vcvjwk87y4wglhpvfak7z2z8d9eqpcy
0/339/, bc1qvzumj0dshd2vq6rq5cu6zla00fp86x0l599y0h
0/340/, bc1qugfqvahw36nppm9fq9u3jxrq7cpxht4lll7dpm
0/341/, bc1qvk8tvf3h26w7vzz2ph97jyllznnnahakwuvjcw
0/342/, bc1q38edw29x7f83ejemfrhk6n47r08xsrsfe0txfx
0/343/, bc1qwf7wswtqlcjgwju7fh3dmn706pe9hv9a9xt8kd
0/344/, bc1qwcqpseu96eyrdpn65rwae7nqyreky7uwae9de8
0/345/, bc1qzy65dgxvas5k2k9tzdrlg350vpgfwd2n5z2hv0
0/346/, bc1q8l5we60k5ww4nayeu2dtltu2wqaj62wpp256qn
0/347/, bc1q3qm4cphtchd8ctes0kur6lqr4mydpmhlljku6z
0/348/, bc1qfr7tvl5xrpyqgzj5gta5ymfjdfdnxy799yzcyq
0/349/, bc1qa6sw8aup8n2jzhvrt5eaure8enlgakv9zz2x9y
0/350/, bc1qsevpkkfs4lrpvwcl2pm08x5rqgu4mt4q3kr39l
0/351/, bc1qtn2x5fm573lk469w43x9c5nys8magplu2qgk7z
0/352/, bc1qkqhf6wcgdzmq5nu437gqju0vq6d8g54hsqekjs
0/353/, bc1q8wgx64llu5ysspzg5g4dmjzsdp6ch74s3slkww
0/354/, bc1qsgl7mpg3rspdqc5f7tarxwxn0qhgxc5u6yglzp
0/355/, bc1qhlagy4rm95r5pjnajwaeq0lv6te8fm6pawjkj2
0/356/, bc1qxfv0ce55x8n7tgzkjpuh0ks7s5cs2wc3faljwv
0/357/, bc1q2dk9rrrx9nnlhzafd9ghr83lwdu7x3jmym08gk
0/358/, bc1qyycuew3q2up45zq0x3xv2jjmdxn2yx2vgccfhh
0/359/, bc1qr20znxkf7tjj88s58uep9n67603shx86zlkcdn
0/360/, bc1qqm0saff7hq3u53f4w8z8neenvl0ljhf6ps2raj
0/361/, bc1qp8heaf60we5ys7mlypzwyvglmr6a2xf5s5kagr
0/362/, bc1q8spsnzn9nrce993s09ru0jzx0y3thc0qjcxnef
0/363/, bc1qcpjmlt2upaaxm3hrry34g4stfmgx8rdtt0rz6v
0/364/, bc1qwzkpatjpwt9u7wxwwe7rzhtf5hj22tkca5mpj3
0/365/, bc1qvhzy4v4g8nmyc99u9nq6xfu7rwz5c79tpdyd39
0/366/, bc1qgzxj8mt2w50xy2wx8xz46pfnnr5yjzd2w9ctax
0/367/, bc1qzx6jl3g2ld63aantdg8u4eal0ncn582t55nuxa
0/368/, bc1qpd43ce24ntmt7v69mdyca5xzgkx22xn53cdfja
0/369/, bc1qckv7tcycwhz5cj2t5u6yfjf9d9wua43cjhlq4l
0/370/, bc1qve6x0t43s026tynzs2pvnj8dhcrqx57ezyye9p
0/371/, bc1qeff2vjak4rsgel6zdlp588sgjcknnlx4lnhzg5
0/372/, bc1qfzr5xe7qpy6c9m4shgy8ysaj4w2057uluj2gtq
0/373/, bc1quc29rj08zsjq4updstsrgquj87u5m3x6wgucyf
0/374/, bc1qarmm0lvgmu4scyeq2vu7ja0hvzx5wpfh6dp9d3
0/375/, bc1qx4uyyd5vj3c78lrypwnu2c4l483qa8c7qj993y
0/376/, bc1qgfj6h5myzq97jud06vcm8zh5fs3mh98a7ldumn
0/377/, bc1ql60mqglvcu8xd4szxr9466kflvhjk0w9ckn8ux
0/378/, bc1qan3rxhg9gnalsl4tl2x39zzh9heawfc6285g2m
0/379/, bc1qxcymvuv6tdqwwgke30mfplfy0rfqaanda4wxkx
0/380/, bc1qr9tjszphg50jtu2gz6rpudcwwjlx6mxw55dexq
0/381/, bc1qppj6c4zznx4ss4nj39t8dhy09w45ms9h9dw8rt
0/382/, bc1qqhhx3ms0ukam0lcvk7705xxm2psdakuz6dlt4r
0/383/, bc1qtmvlsd92kyypkpvaplvwa9l8k7y0lvad2exe2x
0/384/, bc1q6vh0g5esutsrl69dtn583f098t6ggmayamltv0
0/385/, bc1qrga5w9dv83yzyxangpxhnvv5wtw4dsm2u32a9k
0/386/, bc1qyrafpnvqstyvvccfz02k2uh95en6uhmr8xerf5
0/387/, bc1qpg82azjfm0nvgqey57lf7vg6rxpggqhw86ft5p
0/388/, bc1qsgntwjtzpkdm3kzry6x2gvp0k4m3ul5c7h8clh
0/389/, bc1qygu9qjepjrac5dvrmkg3j7tnwc2mw920dh70z0
0/390/, bc1qdhv7mc9um4zgt9ynpt86kh5r0p0e6rx56guyjt
0/391/, bc1q6cptzexcvyewj0v74m8evyxhqxvas8ysm7lacd
0/392/, bc1q70wmskh6kycnquxe3ym26vveuk9ecufut7hq60
0/393/, bc1q0jku4qea0uq3hmqq3cwzjdjwlaqcn2fw4actqp
0/394/, bc1q05yzvk8vvmy5xrjwheer9nxghahppdmpklmflc
0/395/, bc1q8ppjpf0ktq5932qa9455w9qz56u8pg076kqu0q
0/396/, bc1qe0l80qwqncl0jpsmx7mdcksfycjgtdu37le43n
0/397/, bc1qpj3a4v63r43ws06r9ucv3p6ty5qsmnamu3zt8k
0/398/, bc1qez2fp547jq9743q3smhzqtee7xwxr6j68tjpwp
0/399/, bc1qex77ssgvyxhw3r934yl8mq7k5jlpzvcqmf3rr9
0/400/, bc1qxd7sjzu8wekc0y43526y58sx5fxmmggtklqtdu
0/401/, bc1qs5pl9ttg9re3d66aq3gdrzygfvxauwylxt0wnn
0/402/, bc1qaxs8kplzp54au5p73u7xa4unp805t0ypr03gze
0/403/, bc1qk7ljyazmk00cfp342qxt8kqfg83kmflmzkjx9c
0/404/, bc1qjvkwkyyqu4py3xy0c9245lq0qp89x6080zxfd5
0/405/, bc1qmwm25w459duyy3t6kpe6wwdlx6vpgfw2za7lz4
0/406/, bc1q8t8yzq2kl7qhsq56ly02zr6560426csupyam93
0/407/, bc1q7ad5u0vu6smj4kzug2c4m3u92tw3gl8xvhtem2
0/408/, bc1qe3l8ss0s38ml578nrwmv6t96tsvmg2y8l2y7ha
0/409/, bc1qxwg4g8knjwgncfad5ecx8m3tx0qmjncwvak5g0
0/410/, bc1qtngrtcrzfx5j9rwr7fzs35auc2vr7czccvla8l
0/411/, bc1qaj4c75zsurqjlpk0e4sv27nz3mzgw85059mr9v
0/412/, bc1q69sfyw0ajs9fg7a50dxtnh4yux7s5xf6wengwm
0/413/, bc1q97vwrpl2qv6gwa9sk7zx2evag8hhym4nqpxmlp
0/414/, bc1qtfxf83p0dnexmuwwujwgurwg6f3r6suwjtleuz
0/415/, bc1q8xqga709lwz3qq8twc5gcf63qnttmdk6fak0vq
0/416/, bc1qxvcrpnmhn0w6pvj0vznkp4eucxxjjzx7ttvrz2
0/417/, bc1qq2u542kjv5dryy8dsh07hq530w6u8qm38jnyh9
0/418/, bc1q0rr0mxwff2fsvhsc2dnvda8a5vkzrn2my90870
0/419/, bc1qzaudku0mcv42cwez68kgz8vqudghewc0gxl7qv
0/420/, bc1qkl92r3s6kwecqwu9zu6uvn8rrc9k5kszx8qdgr
0/421/, bc1qlsvyslj0qjq0xxe2580wr6pwv4p9qrsvtfpzfe
0/422/, bc1q2f8vnjruzdrlt5r3urkjzgl9xhhdlzjzvma2ul
0/423/, bc1q07vsasmpy7thyj8r8lytm6dwpnl5ngyp6hul2r
0/424/, bc1qm7c6tj7z895ahygyw92uqdjxsarcv4csdlla2s
0/425/, bc1q0w9zslauqp8dvz936n28tan2jn70fcq3cvf3a6
0/426/, bc1qxk2kku72my0xd0hkvrpa8g7hu0ymrjvjvk9h9w
0/427/, bc1q65jgwsqsm02f3rktzvv79edypl8kxdss3l7dvt
0/428/, bc1q96gtjtjmuk0s4ekrwy5nkyus2s7v4rryt753f2
0/429/, bc1qpes5pl3ygqe42za9apzlwhqpv7mzsl6w9ex2fr
0/430/, bc1qu2kv0fn8lwfwcmddwqh5yugnnx3njrkdnlqzq3
0/431/, bc1qpelre24sxjg20ekjcs0zq9dqdlg892qyspph84
0/432/, bc1qm078am5zhtuwwsdv9s4peduqffjjp5fdg4jzzq
0/433/, bc1qhhw6kkrpys7nqkg88e3cwq27h6p4z8ur858jha
0/434/, bc1qgwhhkcd6dwz8qv05njd0mw7clxgqgfzcrhlx3j
0/435/, bc1qyyxr0crnwyp3wz3swyflnlyy3tzy0t6cdavvus
0/436/, bc1qes22ta23mz7dlajtxlur9hxrqfnlr3naulp0xl
0/437/, bc1q9vpxranjmfa8l0424e882yz05ydkhfhewdy5r7
0/438/, bc1qralz4pc2ceh69vrqv3edfjkugex8vsavmsxuq7
0/439/, bc1q375te7r3w5xuk6hp4tc3k303c82td9hyczt3q0
0/440/, bc1q76exg6ku2ryne0guj3f8pw0snjpqhz8k68n4xk
0/441/, bc1q2ngpxnzzyqj8a6gnq2p263t0hwwm5s25aecskc
0/442/, bc1qf7yh4an5jgxqxm5etrnzcy6wj4swgz06pj6mzh
0/443/, bc1qkpk7ta2pnv486sdlu8lgu6955d6xxj7rxdgawl
0/444/, bc1qcdrazfczt2mc70s58tv8f2dwzvjkws86euy7ym
0/445/, bc1qxcf3n9sgldlmf95mkr65zaahsum6tz9n26nss3
0/446/, bc1q2puag3r4m7pdcpq24w3ltxhwjze4wm63n3nep6
0/447/, bc1q4v29ufgtpnjs2kw3ugw9jdxyfpj702lrrkwldm
0/448/, bc1qj8drel9rd3t9jl2n035t23x7jd2ks3xuualhnu
0/449/, bc1qlmnnh5as6r0jfcperj5u7tu32j2le9uwza7jgy
0/450/, bc1q7epwxxet3tusre03efvlzj22x0zed7wqjr2alm
0/451/, bc1qm75q4ncgapaa0h6f54fvqsxq735rdklgu2aea7
0/452/, bc1q93km2zl8tyfzd8776a87vm9jrdzm4wnc43r3kz
0/453/, bc1qa30dqnu0jcy9g2kh7uua8hctejpvjq4hw2vshl
0/454/, bc1qd8dprs5emv9v3aextdvg6uenpvau9czm60uulw
0/455/, bc1qdttt2cx953utwm8cek66l0qs6209zaz7xdazvj
0/456/, bc1qhvwn7usrscmphddlftxhv5f3y4x5m9wcv5w9et
0/457/, bc1qq053e2z72rnhq39qfh8yezcshlzq07fkuzwaua
0/458/, bc1qkzecd8z36purswlm3n8084zxf02fpzsgxjd9f4
0/459/, bc1qu6f857zwwselk37enz554ugfwc3n2kxr7u6e08
0/460/, bc1qv0kfytsv07zjtglnmd0vpenxffjl70shm3pvu4
0/461/, bc1qwk4m64cscma6rahm5fazq3mmn8qf4rx9u69myw
0/462/, bc1q6vq5sg2a9jtkfzyhw8s85q42uuvsc8ved6437w
0/463/, bc1quf20qyj9af2gnpysdud7e9f2776f243fvzmyhp
0/464/, bc1qyjq5qnu7pnqjt3pnt5m94kkpkw4udl52ugunn7
0/465/, bc1q66kxyv5ylet8gf4938krt6xapjvg4587mhnj7l
0/466/, bc1qlgfm334376za7cm6tm7jsay9pu04t022ck5e86
0/467/, bc1qm8p5pkyugys4da8kaw63nhay4fpulnmq73jmzp
0/468/, bc1qmr62mux9f0p6463js8v8vr4k9g8ssectrvzswr
0/469/, bc1qfxne5p8dxwjvacmaehygy6g2zudduyp6xnf794
0/470/, bc1qcf4m55hz7kp7ccurkmm9quqs2j2j27f3whsldz
0/471/, bc1qjfzwgdnnuxydgrvdcv8up8grntzz5tss2xkmpa
0/472/, bc1qu9nzse7s6ul7a8ajsvtfnryux3w7kfwg06w4tc
0/473/, bc1qugkpxfpnj6wfemktuvuxjt5x2gfjrqgrgudna4
0/474/, bc1qauqk85n2rwgrxy98zr3n53wy4zq880h77dh6vj
0/475/, bc1q0umhx70yauwrjmhtcmd2u2wsvl5207yzxn8849
0/476/, bc1q7u9qd9t4erenshghecurapucvwpzvtx5lkvftn
0/477/, bc1qf4mxm9ydadunazt3he2dscvfcf2tcmug8ndyjj
0/478/, bc1qvluht9nytt85qhh255r74v6f5uhm803umwzhh4
0/479/, bc1q3l4lwjuuy36764z2lep9xtplap62s67sxsl7uh
0/480/, bc1q2cn5eduhhlcsulkfgpamzfkfkj38kqx3nwtu2e
0/481/, bc1qg40n8d8dvcd7eax4sa9d4wgydvd6lhecter7ye
0/482/, bc1q4g4e3l0jf44d6qck6dwg2e7vl9q634lr7k9ffm
0/483/, bc1q8k77980unrk3usy0nwh04elsd55gq4paxugn8r
0/484/, bc1q4r8fcsuvvvqgepgd3j75yt3s5jfr5gd2tz5gnz
0/485/, bc1qnern768zcpzs58znm0r79w54vu40vk3j8024me
0/486/, bc1q0yrn7dk9nj5772d80rmr7nqxm99ec22ju9m5zq
0/487/, bc1qutarec3zy7q6k3rruzg95c765as5rwp2zp6x0e
0/488/, bc1q3v4x7xvh8x5vzwkvtzqcwna5smp5re2dp9eym3
0/489/, bc1qrhshuhg3t4zhnxa8wv9nd66hjtecvcpw9pt5vj
0/490/, bc1q3equc3leqhefyvxw0sdzmt32ray8gm4jx9zdsn
0/491/, bc1q2n2vu9asrwtavq9h4cdc7emnu3ptx2996e4mcc
0/492/, bc1qpf42g56pmj3vfxsewwshg822ww4vue854lkjkp
0/493/, bc1qutvcnv23ypand832ewehh6cfx0vh72mx26fzaw
0/494/, bc1qn7gpg7stzk674haxmcjzw94jg9z45lhu77g5gf
0/495/, bc1qnakns9nagsunxsg7dyceu7x95mvdcel63jxwt6
0/496/, bc1qknptdfuqpnu3awg6zskkk0cxpc08l42qn0pjs9
0/497/, bc1qlkj00vwjs920nascvj0wzlgad9yk7udms2fvlc
0/498/, bc1qe00hcxtgfp3eac575w7gl2ya5g5m84mepfqgn8
0/499/, bc1qwp6vdzvk62hg3kt23e7mcmql0uaas2hdx2me3e
0/500/, bc1qsq3j0lr3cxqnlqc664u8nwadqcwkvj8c63g45h
0/501/, bc1q73q6h206p3xka6q2zxkkwzveccfl6klzals9zm
0/502/, bc1q7n5zesl78ah60x5ypq6vu36e7dc0ds8xkmgfkn
0/503/, bc1qup4y2vf9y7traw9slqt2tfc65kk04aeys7puyv
0/504/, bc1q0qaw5lsyd6w64ftevt0pnawknkc8qlwuk2g6hk
0/505/, bc1qf0esngadq6hdrlx025f0775hd44qanzhxa32z6
0/506/, bc1q83j4mdepysg3rny3zr7taystwe4ae80j4w6gr2
0/507/, bc1qtjj9ul4fzuvx5ch4w64tl6lk4l9m23pmp4y6a3
0/508/, bc1q4euq5rf0yrc95kt00v45e4c5p0kyaa0l9ah063
0/509/, bc1q4md02zcenc85h4dt0su8afzuaj9h8hm2gug9j3
0/510/, bc1qgxqu2qs05chxg7nr4ygmv0jm5jmvus4as3jnhk
0/511/, bc1q0ft8sr9qkcmeldh534ka47vsktesu4wc8gfn6e
0/512/, bc1q44s8s5lgc2utndjcvs4470x7006canplu9844j
0/513/, bc1qxpw0pptg8uapuwmjp7nxpvuu3ge0lzd3s5s8r5
0/514/, bc1qd7xjkvpgpzj3lh2yfm4xuum99a0sekpxhrecg0
0/515/, bc1qzlmq9f6jvtj43l7gzfruccmfzldv0yt4amfra2
0/516/, bc1q7q0plxnx0pquekzrz0le2h2d7tecdhh624ycm8
0/517/, bc1qse96xu9ujs06tcc83uryhj7c27kxyhqzjgqfaf
0/518/, bc1q66jlnz8j34sxar3xt6ymlwey2e2nfm9m457k90
0/519/, bc1qnl0vry8xmqlqjjz4h0fgt25cnjgflj84xy045m
0/520/, bc1qnh4gfjtdacmf6naq44l5rq9jfcvp5tp7uw3s2q
0/521/, bc1qatu2rtny22lu99jx6cyhksghhrh39q240fgm6x
0/522/, bc1q2jryts24pelr2u0kswrggw7g2gqy9vrpul238e
0/523/, bc1q30ttdgr9z30alwmr0uvz2hy8mf232nzt5duupl
0/524/, bc1qsf7539aru2q926p8qcq5zmsvvtlfdu6tkkyh62
0/525/, bc1q74gwr3twylwm6x3dsahuh4gvqnz6tn9jftpsgz
0/526/, bc1qcnzq0l8m9uefpmxhed8vjrmuj5aqzzmeg0kfg6
0/527/, bc1qk5yltvx25dqk4c6c058rtwyxpyry0juwhwcsc4
0/528/, bc1q36nc2d6zsa6f0f4jv0fqwq422dl5eycetzsdma
0/529/, bc1qxeg4t55sa3vzqudw83hgu4vam7prk9r930jhjv
0/530/, bc1qkk70yjpfpuy0e3k6x97hu8v3x6n3t3nd30kg77
0/531/, bc1qc5l6frn0ztn5qz4ycvzdvkvnj46tuxylhn37qq
0/532/, bc1qztezm0qnuheezgufnmygpc7433xlt4q0lzmesf
0/533/, bc1q2y6rkmxvmp68229awtdg5jm5hhplz7h0wkldg0
0/534/, bc1qsh7ewkfq80yyhz8kvged855m96jjtscdkeuru6
0/535/, bc1qnx7cfs0ym7ugup4n3vdscuwlqmzgnrdmk2sjg8
0/536/, bc1q5h2yz09yv6l2rpq3fjj994pc9jskglnyfnlmgh
0/537/, bc1qshxxrzukzmyfxx4ch67yzzk0jm00r3ta5zd654
0/538/, bc1qgtyd2khr93x5tkx96z6etx09l75qf3gez86klv
0/539/, bc1qsj70psw4ztj8pm5r2yzhjvmpq3je7tj6d887gw
0/540/, bc1qx5xa5lpeyqcrjenyttgcjpnqxhgtxy2sav57zv
0/541/, bc1qhpvysccmwxp2vcpp8q7tmfqaumt0mpe5sstp7u
0/542/, bc1qww9sqqeeqtj0h40rtmn2vl8m57ypcmqmgcncqm
0/543/, bc1qvpsjkkpk5cx8acars305e8tny8cpxsqtyv0e3k
0/544/, bc1q4zxwpxwjzzezjer9kdfqnzdnz72smm0lcv2r4k
0/545/, bc1qtx06x234z2sqahpktcwn0mcdf25d4gttgdvt8j
0/546/, bc1qgxtf2clndf373g6k77verq08m054w9zjf0urat
0/547/, bc1qkt2h7cr3nuae3s9epfuarw2890hcexfndv7rqr
0/548/, bc1qku3hz8m8al8383lg7mc29tr4ktnj9s4jdym738
0/549/, bc1qn3j9lrfwjq4cmx26s7xgrnr8v0d203kjg4ntjd
0/550/, bc1qnusw7vgzxz9ykhpypwfmnqryvzxxkcd73wgpfj
0/551/, bc1qx5fwvjh5rju6rfucq9tala8kmuylaf7sqw2j4c
0/552/, bc1q7zwukwvhtr4627waz4erngu72ehd4xcx6g8zn3
0/553/, bc1qadvdq63llwvq3vdq8khf3e5vfxnjtlwx2eht88
0/554/, bc1qa3n0ah3j3lw9g370q9tl3t9g9ufjfnglxtk3uc
0/555/, bc1q8ct5e8gwf6knpgllgqv9ckdtkgxdl3af597lfc
0/556/, bc1q24ky99fttd6kxjnhx02c8mvv5x3hhalmy26nd4
0/557/, bc1qc3kuew0fy2fdhzgqslmgy4vaq043ux2m0ssfzg
0/558/, bc1q68z5waksjr7m02wmrr32wzefjeecgaey02tsf9
0/559/, bc1q8swyvkh4g8ec5hyq7zdr0wz3w5rr3r5qa0g7uc
0/560/, bc1qlqhy0p8d0ezvelten65g9aq9qzxkpr9s79wtjt
0/561/, bc1qrgf9uxt9wq3gq38ytxgpdzdgf7vcyzucded5sg
0/562/, bc1qu58fcc5jxmlmda2rx4vkj703t4gc8w24ks6v4n
0/563/, bc1qmvj8au420sn7t6mrvyhxts7hec59m7d6e8dxnl
0/564/, bc1qyvw2w3ga79nmgcjztru6yvqalrz4wtd9x3njxw
0/565/, bc1q5zzfq7jeq5srx2gsevjugzysmgpgegla7pmsej
0/566/, bc1qmgs6hpwnavxke9mgradlfaufy8g2vugymme5ng
0/567/, bc1qgnxz9334n3etsjxafxl79zlt2umn3y9kfvjlnc
0/568/, bc1q4ut0ytpvatqsra7avg4ultjehpfy8y0vjhjzry
0/569/, bc1qxu2ye7ux6dyh7ldp9uxamlmf29a2gjasz8l6tg
0/570/, bc1q7svrzagwkepfdzkwm2lz8k75s0guujyf4ccyu5
0/571/, bc1q6r8ej45u8mkw44prh3scpjuhr79v8lf9ewqxcj
0/572/, bc1qhns652cmma08sreupj53g7j3chkesraj8rtg57
0/573/, bc1qa63xzpvmrnlxtxd4w8mq5zck799chhkf6d8aaj
0/574/, bc1qv0ecfmy5jnwamdsrr7n383gg3vl5lsh63wemva
0/575/, bc1qnvvzvg2wjkkxcum5qeuklqvqats8dvrywnv8td
0/576/, bc1qsc6drlyw2ytcv87jcnj0q8e2l58x6pygm77xqm
0/577/, bc1q3tcnvl3wyql4fep6rtyuq428eaatv97wurn3sy
0/578/, bc1qfy40qv009x4my4sglxeuast74up8lmvnvzkqu4
0/579/, bc1qredg48khascrzfk4u0m6fagka8kr09ym4ghkh5
0/580/, bc1qnc94r4pk00le6sz9ejlvelzfety2027nn0zjct
0/581/, bc1q3zlvdsjc8mejzaf6kyltjd3dqglndskr3404cy
0/582/, bc1qk4rtlphnrfvugrkjwkqxejxktgdn6m7eztrryz
0/583/, bc1qvy3e24p5fyhkh6sxhye5kpq63fxpkxcmvz7fjx
0/584/, bc1qt5r069hr5mlwvzjdmpnltrkfzmwwlezdjk5av6
0/585/, bc1q4aaeest7lgpgz5f27cq8nddc2jftck85wul2m9
0/586/, bc1qewerj8wus0z5zvh89t8v5lqn6a3ly375a0pq3s
0/587/, bc1qaw0hu7pxc83qm8tjw38jd6s5x8t308eaj2e5jn
0/588/, bc1qr9vvprnqpl42d6xlvewpg9kepv0ms900u6grhv
0/589/, bc1q7ffvr739t6s2acjshrgp20pggwr4rdzfm9s097
0/590/, bc1qtgz7hpa58cn29qq02zzs3p3h7a4kndl0cc9hua
0/591/, bc1q6lh5qtzywdj00p2z2ax2sktlwmadd8ufk9q4lt
0/592/, bc1q2q4ths392a4u9d644z4yltqfn5c2fkfw05uln2
0/593/, bc1qkctdalltvw4zj75nuyq8r63wsxnld5c0sj3yqd
0/594/, bc1qrd7krh7l0wfx6nkpj3fk5xdwdes79upngfkghz
0/595/, bc1qsw9dnr7ve4pl4svtqvmq0axx6swcdk0948jxk3
0/596/, bc1q2auna975q0pwgart98g5laqtrxwhfgudh5a8yl
0/597/, bc1qm97tuv7mdwvwg62jff6w8v37f59h9snasq7r53
0/598/, bc1q6k3qx3kxunayqzgxj2swjmsmm57d39lqvjcx0g
0/599/, bc1q9q7hsxx5lc4y2cd3yjz76vq4zu9k9n0pupe2xu
0/600/, bc1q2gshn775k8hzte2ul5wp9lasx6y3gfhwl2c3d4
0/601/, bc1qhtfqap3p4df63nu3hxzvauq2h6g3nwsypx657c
0/602/, bc1qt4swjqjytptq3uewqt6jdpt8kc6qqr56nw9wjm
0/603/, bc1qsnwk45r3lnsy7uuaqgv736hsmd6k8wcfw8d6xr
0/604/, bc1qnd2t7n2hw7dglqum8ul6c2pqmrxpur5x5w4v2g
0/605/, bc1qv4uap3zdjgrduqpme5py4nddqz87rtnw70vzut
0/606/, bc1qjllr6890lmtlh93tfc6kzp5u3vysw8rvg56xsz
0/607/, bc1qamqyllpn34n489c9ega5w2g09dgcu56y9rh3az
0/608/, bc1qf7nfupju7vy3fguak49f2sltk2kcteh436l8ty
0/609/, bc1qxptmvrxjhrm8fdzduq0zmw0x5tnmaeae0eakjh
0/610/, bc1q6hzrja4pg4rjar0dkd6gwxnndkl9lsczwwkezf
0/611/, bc1q2rydyhpfhcr6hyfvuyug4cyqun7spmw0xtzgmw
0/612/, bc1qhg5vrvr63sl5v6vus4ldqx7mmgugpkw4pssg4a
0/613/, bc1q4tu95w0m8nhg3w3dnp3c04ly77jtxdte43whw3
0/614/, bc1qunsk583u489h4ajm8h7tfcf629lsfyeme4h0fu
0/615/, bc1q47a8c34zdyq5aftu4zy2d63truz05zm9lvhc5g
0/616/, bc1qmun2j5kzx7cehwcc9zturcxa4mvklymdxkzsg9
0/617/, bc1q8ccwctlvhf67qfl2dls24ay9lfdqxlzqand2p9
0/618/, bc1qh4ur28nushxpujkyxsgldezyaqn8xwydqrmaeg
0/619/, bc1q7ev2qt9t973jl2ggx73y4c4dkx0zc407w32kfn
0/620/, bc1qckesltmrtu2rj3lxv8hw3w2xl7w08muk2ul2f8
0/621/, bc1qex6ugr6y06hwvptuv6w56ek7jadq4dxyta36ux
0/622/, bc1qd7wynmvvm8yspyc9fupyuk7m277cu060kd3n87
0/623/, bc1q0y987zed82gqchqxp7vl2k6evfu2kvft8lt96e
0/624/, bc1qg0rnrq0qeyd5r6nl2z0cdd52nl3v47fz0eq2q0
0/625/, bc1q60xjgxsh54ykmdzgs5r0gkgf0mk5yxup3vt5j0
0/626/, bc1qsa7ys8r4ngr2grr48zpc4wvezs96y2xhpk5j00
0/627/, bc1qcsyuu350uleqq75vepavyr54gv00t4csljyt5s
0/628/, bc1qh7wfezeswy2e9wdmx9f0785wefru5hf8gcylss
0/629/, bc1qpgt6emq3tk8t9njpr37g904rmq6js5ymhtvw3v
0/630/, bc1qhsc28rekvuhk7egrcmaw5z8grs3fgaducc0nkd
0/631/, bc1qngeududzrwm64khvxljecqa8g7nnhy4hzqtwjm
0/632/, bc1qzzn08ru86tq6k2q4aevrct2u27qrhh2ffh6lsh
0/633/, bc1qqgrrmvfx875rnqsde334xa23lh6aykh7tfrgr3
0/634/, bc1qqjvpf4csq5ytkzutkynpg8n4kkljz2ajz0j876
0/635/, bc1q5vlp8nuqw9acevmu0vqj6rmlu2zhesah3alcta
0/636/, bc1q3mu7x3aq8nur294lzkergwmjrahz9kn64c25aj
0/637/, bc1q4urf9txsgl0ue2ej7xukerwf9a37lzg7982vxs
0/638/, bc1qrv5hhg4gmj8e7qjzctz8q502f06m30dpn5n3l0
0/639/, bc1qt9v9j6sr38mguv5fnzkr0ve9qqlx2ce2r7c3qp
0/640/, bc1q0lrrdp8pkh0c8g4hjkhdpzc6we3l9zvzjgy8p5
0/641/, bc1qufk4umt05p3g7fgz4lney8tcv2aklfmn97r0n0
0/642/, bc1qga9nr0p4zwpqts92mkfwwx4tfam8eqylde20xa
0/643/, bc1qfx9tfhf509uqyxep0r7sm4qhttt6autt0ul58a
0/644/, bc1qyyej566sepsz04yw97xarqgauuu7gt2jklg373
0/645/, bc1qakjhg02uecpqww53q0k2r93hg67hqd0pnspvzw
0/646/, bc1qc06du77ywc9czes8l0uteh0lzljp695wtfxvqn
0/647/, bc1qpc2z9f5gxyqppg4ladwpdlw6zdkccanka7myn0
0/648/, bc1qevx05r2kxywqth4rn47gh5vr5jfd77raqfrzxx
0/649/, bc1qzgrg70tdyzj062ec6f9k4kn2ppq4ncaz2xh4zp
0/650/, bc1q4vlmswcm4fnar89xjyrwn9h5kukpfkstllh2tk
0/651/, bc1q2fkmxucnpweum3yft6zlefedvt4ttgv8kv9c5z
0/652/, bc1qwdr3fl85hvxswt0tdlx5s29afatqe03x5390a9
0/653/, bc1qu29v694x58rtpz0kx92s60dcdw3urk0jh62657
0/654/, bc1q3audlexjs0t5v46g4ezdegu4qm5kdxgtjkt9c6
0/655/, bc1qx2n7eu7kp82qg9pew50vcjdcz8d9a5sk0fxzlr
0/656/, bc1qjtxspfat2p90pje6remr4thgssy95neqt2dyxc
0/657/, bc1qt7j33whc5y9jfkdjcecqqdqw0n48yaz38yq88p
0/658/, bc1qgggerd2e8v4wv6yg2xeelwvfegkvqfc22ksuaq
0/659/, bc1qd60q7a5pw2ywraf708jpltqw68etj9zd6273jw
0/660/, bc1qtjh8czjdxyn6k8zrdjednd57r5lhhcgz2ts5wu
0/661/, bc1qg5enlklgfnfd26ua904vygxz62hkl8sng4pz4a
0/662/, bc1q0lygzh8g8cjan5c247hpwxm70y3ssl7s44ane6
0/663/, bc1qv57uj3y2t3zkr27xkw59kx8c0d8j9p5r9kq7cc
0/664/, bc1quy8kmuk6m562uufchn7z8cy3v2sd2tq0krj8nv
0/665/, bc1q7zrncqm9u4fwwlje8rpa00herz9um9l478ulaj
0/666/, bc1qg8eu0l0wh4wdcxmj9vg5qe0vhy3pt5xhwyclj9
0/667/, bc1qh79m3tcvyjzr7m3cl0ymhhxt8g6wx9rwf5kaf3
0/668/, bc1q2tzzlv3ggsvkg4ts4ec8gwkstpen9u8quykd44
0/669/, bc1qr0p69qds6j29qzt6kx6j9lmy5axnsf2atjuq2v
0/670/, bc1qlf0875a5h0tkr8q72d8qtwsx6s3pjynymutzhd
0/671/, bc1qhe3ykulwlpasennw2auf7vj3phl88wxzqffa9p
0/672/, bc1qeteqv7qq6fs9qez9yq2q8ugq3dyxcc3u4ad2jx
0/673/, bc1q4ehh85c95qtxt9tje68e2c338gxg3hgaa42dmr
0/674/, bc1ql9krkw99stt8fh2cu5m9l3mdgd9t45t0cqkrr7
0/675/, bc1qgj5ynklcx3cta9uu4dspgulg954xfv48ddzdma
0/676/, bc1ql7vfgs535kghw0kpqavz5f5yjt3ygps3lktjwh
0/677/, bc1qw6gk6s0sskjct806tj6yg9a0fgjn6evxmga9yq
0/678/, bc1qsf4erg2nky5989cs4ra9nzwp3a8n44ghfdatau
0/679/, bc1qq0fx2qnz5zg0wuj6qadlr6xxtmc4p7d589rdss
0/680/, bc1qyf5p9t2kkkz6wnsk45lj3th4ycwu0l39yvd52p
0/681/, bc1q0xmr8qmdfn5slzkw852llv5lcv373mr8606kv6
0/682/, bc1qd9wuynxnekkjkpmxlyc8svg9kqsff74s3guv65
0/683/, bc1qkn4uertsqtvy09ey83pxdq9uutaj7wfzw57che
0/684/, bc1qv3zeqz6f834k7wxlpvzltnlq6m98je5jmzdm0a
0/685/, bc1qndgvancekddk6k77d5352k4xs2ww6k9h83hzkz
0/686/, bc1qqjrmdd78egfaalawm9e66mhdpckakmazn7a5ew
0/687/, bc1qnv99v2cycd293luc9prs4nny9wzrlwkdcnrll2
0/688/, bc1qch6gn68tuhre9ae2uges4n7aq6w72gmaq7vd6y
0/689/, bc1qn9lgz02x4dsq75t5ervdpqklchxltn8n7hsta8
0/690/, bc1qmqrr4anycfvnrl9ytuksn56725xm9v7wxkzq2x
0/691/, bc1q54t7332xqjat2cpyhuxkh580yvhsptc5f94eet
0/692/, bc1qsc4fz230e8xt0m0w68khdjjpckgrz0apkl4u8a
0/693/, bc1q8dv6yvlk45myffcwmvkvzaxketl70ylng4e8hq
0/694/, bc1q645vtd8vwlpf8mvgnghs3s4h567zvst0z83fmv
0/695/, bc1qjzpv9v77de5atff6hfrm8u6q0e5sapqaxx0ayn
0/696/, bc1qtyt42vsu8cej76ac4jlg2adtu838dedf7czngw
0/697/, bc1qz7q9pz70px2xqqqvpanp2ut44gslcyz0zwlm4m
0/698/, bc1qjtnh9yqm4zyd0gpyxczz3tlf2rgcnpzmdu4352
0/699/, bc1q2ndy5an0d4pwk7uvyn3yrnd75t2z03zecfjq25
0/700/, bc1qj324tq424jfurvyuf7wkzpjq3wv2s777fu3vmq
0/701/, bc1qlyqkg3pc75z5hq4qhxv7dch30328wtq2wxcv4a
0/702/, bc1q7qy42grt67pjk238zsdw4uyk4tanq2jxh2uce6
0/703/, bc1qdwuty8d8wy8u3v940jhm22n0g58wl2a5w9ey23
0/704/, bc1q2tx4qv2huazemnq6rp40pnz9ytu6jlh5ry9243
0/705/, bc1q9rkcay6rt6rer9724062evk740jpsjlg7m067h
0/706/, bc1q3f90a8h9haup8cw0rdrkjmljgy66u7vn2uwama
0/707/, bc1qtcyw6rcpuv4re86rzunvhpvdrvptfrdqdurgcw
0/708/, bc1qzlqg6x8wnxapank9q5x9duw3q4jjmj7033wqzw
0/709/, bc1qjy5nmm4nn839rxeh9dkyftjs02t5tq3vqzmv6z
0/710/, bc1q87dm8xjz7t0nhcqlm5k54qkn0jzn7mmztcx46u
0/711/, bc1qnnek5v8pjqnv2fk8z56lxksslmvyrsmxrc2xtj
0/712/, bc1qqxlh26ekruqm40ahp5ypux8hmp4j2yr24m95mv
0/713/, bc1qwlrc884p4c9cf8wrnn56nk99zfctc0z973ktvm
0/714/, bc1qxqffmen22ccrrh6pclqx5w8v8cd7x3qs947v36
0/715/, bc1qzyn9cq88p8jkg526594zdaef39ulkxn89f5n29
0/716/, bc1qgmvx9rdll68d8yp5qlc5wspwdqtvtqh3858xfj
0/717/, bc1qgnj9zu20cqsrpzlsvjldlv5g379mre7qdcjj54
0/718/, bc1qg79p94udfzr82utzkta68ehtddfvhv7zjw78ly
0/719/, bc1q4knv2e57964775vgh9an2egwx9pnu3ytytj55a
0/720/, bc1q4z8nujyvjswqr5fc76t6mw4v7uk4sysf4m8qpy
0/721/, bc1qc237sh8h3tlzk68ampzh9yk24atjepwqsnw2pg
0/722/, bc1q5qrsqh4u0drry46f4h60n0djezy969kw2ks2rs
0/723/, bc1qdrlts7k9rky5gg2r9734chkjzsz4xw5gu8j0ca
0/724/, bc1q00mluk88zj8v5hlpeg3n305kz28eg4crwz0yfq
0/725/, bc1qyhxt73x3mg2ant4pxy6vfxh63k4t80vkmt4a8t
0/726/, bc1qvtdgkrrm8jmedvxjy7qsx7e424prhv45f0ltk5
0/727/, bc1q5758mhht59e6vk8hxflmk536vjd72xfc56vdau
0/728/, bc1q2dhpvs4mn3pcyyjegqn5wnk88ru38j026xt8fs
0/729/, bc1q7p4zl980yyqgdvepg34fv6n7c3eq3cf7s6h2gw
0/730/, bc1q75ky5k9xjcxeuzagl88vu9th9fx4umjr0srxlp
0/731/, bc1q9sf6rkq8flkwjvg8wa26x0hyrx769dlv2lv6e6
0/732/, bc1qxnqj2q20r0htgkwx9g6fg93srk8es8vfyyq57z
0/733/, bc1q69x33jvgmxpunpncrs8t5gjnx85nkar0f7c0vq
0/734/, bc1qsmgc9txnqhsj5enf05nu9j8e93scxda4p6h984
0/735/, bc1q9dn7xv6dvspwzgpldau5zq5msklgcsn28wdl0u
0/736/, bc1q6v5dflt4rnz36xdhc7d7s6yrmrj38ctmuw9rpf
0/737/, bc1qyk3l73j69padw5x5qyf9lsfk3e04l6g2f8l3aa
0/738/, bc1q2sp7449zfjdpmjy8ehqrdad8ljydlxv977ae4n
0/739/, bc1q7za4nues06etlal2z504gy5qe8ctttgxcgajyw
0/740/, bc1q7c8azjj3r39qm97pdqr6p0j8h83pn4r7wa5adt
0/741/, bc1q692d2cdrwpvqs5pr8s5sjuplkxcude9e8dlrm7
0/742/, bc1q47tp7xx4cvfxnqpu2lef9hf7hhfd7jngglzrhz
0/743/, bc1qgtp6apsyzulty94uqmm0jsyldkg5q02tak38yz
0/744/, bc1qhds24s9tjqj2mcw7gfk3qh7e70c46a0kf4zesc
0/745/, bc1qnvwqjn5lqj0h3sywhl9trkxavzqg94tezrwqht
0/746/, bc1qf80fxr7yqtphydsh9kanlvgs524c7xk5n9fcga
0/747/, bc1qm66q6jm2ppechhcrrn2mqqr067ct0ha3dvv5ws
0/748/, bc1qv2a4fdgk5yu432ux8jhf73ugxu69sjdh9cw665
0/749/, bc1qt4n4c3fw3kyt2kvtds766va23wklnytdqj2tpn
0/750/, bc1qjt9w53tq8zqk8yx2rj0xtp7ehxd5lvpp3raqlt
0/751/, bc1q94pjlzfdljrtn6kd3p3sd0c5rl0lf7ekeh5grp
0/752/, bc1q6dka4dcaecd9wfjk60cj92w9k7fqmls7f0kggh
0/753/, bc1qqyznn6npamy4he53np05yp2rtdpxhayuraxytr
0/754/, bc1q9uq58mg9lr68fm8cndf9u4jy6g83gs6e0qx84z
0/755/, bc1q3tq04z6vkvqyy2tu7f0093p247njgeuzml3296
0/756/, bc1q6s6gqxlfavgkpyzzlnqxugf88nve0ttrak3e8m
0/757/, bc1q99lv2xeutzchqtha4vj7608hdg0d680kdjl2ut
0/758/, bc1qa9ze73vtlx5qra5s7pjkpqlhrsxt0cchpvfvza
0/759/, bc1qmd6mxtvnxldrrxc979rsa8ne82qmzegysqc6we
0/760/, bc1qvs0tp392ncyxwcv24r2f6pkdqdxavucpaxcj6m
0/761/, bc1q3rpku72kp7qkv5d4lffwqcp5quxnknsss2f60j
0/762/, bc1q87rr5rcqmruga03hg7lrn8gr56ctl3ht7ntfyv
0/763/, bc1q6jdujt60yq53pf5mxgs2ejvm3x6u0ftftfylq5
0/764/, bc1qu8d0u008s8908q7r2tldcvpx8du0etl8lxff4h
0/765/, bc1qpr8hpr4y8tvp4uw3e880pkg47t7eh69hqyz4dd
0/766/, bc1qy6gj68ccx6vsa2yurpndptpszn5f8lfsnzn6vr
0/767/, bc1qda8enkrdhfmnhjudy2jtr3zh6fytz39p7exzh9
0/768/, bc1qauur7ahrs39dwjhwpggzcqxd73yp8trzvtuc95
0/769/, bc1qjuanzc62lwmkgc9glg5q644akple3ldrdp3ast
0/770/, bc1qa507j8pf2r09qn0kl3nt5qtj3zmnzh6xhmvrym
0/771/, bc1qwmrtfmh6vdswrtx4en0l48809d3twsg6jv270v
0/772/, bc1q8xp0yq07cjhuwdj03g82gyjsyzy2epxeqf7ay2
0/773/, bc1qntrwsj7w4ke3cvutl2gh590x7u8y0uheeug3ze
0/774/, bc1qdwwfstzd6xut0rp8k3g4x06wgpz43hry85m78x
0/775/, bc1q8xvs0uzvfvxzygh8f4z2r8h84g6dsu2q7zgk2s
0/776/, bc1q2m3rrcvjkcktkqklkxld3u9lkn3skpamlcr0hv
0/777/, bc1q53ukymq2567aknf5q46wxuy20upj36q4hy36mg
0/778/, bc1q6c780jpmn3c33qpy6c4gzvkzhzy8yzq7jcqwrk
0/779/, bc1qcuzdzcevq3l8ymh6p92awyw2ht8rt9p75sl9le
0/780/, bc1qn8xkxjv82z6ytxqzr4kcjw8df2rdm68ukxay04
0/781/, bc1qk5h3rwncuthuaykgna4uls6qzqv6kqg9ngk0fy
0/782/, bc1q3fvyjpv0yqx59uancp74je9c4rt8pa7kkhy8rm
0/783/, bc1qxxrf2yht6d08e77aj4x4knufherykd9swhh7rj
0/784/, bc1qag0dz5ptcftl4x7j9d6lqcch4vnpr9ea3mt3dm
0/785/, bc1qzfz09tp82dlaslq3jcaf906rngxgaaxn6ywwnm
0/786/, bc1qewagmz3zpz5jn2hp7fx0vus4ldrmz453sttjmw
0/787/, bc1qn5jkz8att0j8z3fhm0jlqvxnq9rcahd2hh4upp
0/788/, bc1qyflm3z89n3fr9m7pvwgq5u4u5wzvxjzp5ksc6k
0/789/, bc1q6m4rtsy5as7wf4t6mwlesn06faupczk85g2f9z
0/790/, bc1qt63qsmctd33yed60m26ejal5tzrzgyys3lp0et
0/791/, bc1q969xug79armuy904uj5z0fznhvfy3yvyvucle3
0/792/, bc1q76fzm0j94ycwwr4mmj9scgep5qprp5j83jc9tj
0/793/, bc1qzrktmugpa8rtdwnsyg4e5ajxn8lmsdxkpdmpth
0/794/, bc1ql5qa7ml5h3ce2v88wakkh546j7lxtfx8fz34dp
0/795/, bc1qsc2k9ugevm6r4vpycanp96q3exz3s6pja8t90m
0/796/, bc1qyyy44hrtwfncnh5kc9gcyn3fhxzarh5de4qx5n
0/797/, bc1q9kcs9ug2mm67g683l4ylut9vl2zc5h07vwhpn2
0/798/, bc1qxdjk62lckj7z2pzdxlq5yss3hmf3t9adgz6l34
0/799/, bc1qawssterr6uk4pyha8xqhysukxrhyqzhv7g626e
0/800/, bc1q8wpmnpte2jugy5q3s4pmcdshuns3paf7guar6t
0/801/, bc1qems9jlfwj4wrej338nrnxsg7xsjvurhuvjwfy3
0/802/, bc1qysu6x4sr6h0rxra0n0p32220tkhxtwh2q9nxmp
0/803/, bc1qc4lslyafytncf49fxrsu2rnp4nkzl9eaxhpphx
0/804/, bc1qdh8nlvcj0g06nwfsdxc9lrhwxdzvgahut8mu7v
0/805/, bc1qjrmldzau6ky8ynwllqnen8pgr84ku4ehlrytc6
0/806/, bc1q6fn4zj4dgamskatz37zxffk589cyht3464msjq
0/807/, bc1q6vd07zl8922c5kjl2v06mjc82j2a2u0x9l6ss3
0/808/, bc1qudfq884k7vzqwxsdy98ccmsvsswhl24vd94kpe
0/809/, bc1qzf2e54q30y7mn3yqm3mpjv7zf4ful84ya3hw9w
0/810/, bc1qfmmywy8m7r2ha20pfcphv4pap0cwnzrusakmef
0/811/, bc1qxgyem39q06myzlnj38pg90vvjuwhadpmgl7g3g
0/812/, bc1qszv358qvrkrkz0g956vpnep4cmv779uvcx6key
0/813/, bc1q3ruy9rlt6w7ktpw082n34umz84zhn52j9san2w
0/814/, bc1qhcfncjnuq0tekna0v4sqpt7n0s79chgp9ctula
0/815/, bc1qqpqmqha0j8djtxu3q55xw4tvcj4pmd9kwlyf95
0/816/, bc1qr9v5uqsmfuu8slfvqkjya8la96pc3j7p5q24mh
0/817/, bc1qzqvelfa2cu0gjcw4tvh2mmq9tmch56av3v77jm
0/818/, bc1qalfyqmapnas2edzcwlf83wqah780v080rkdg53
0/819/, bc1qpfvqfujs8v85h30u0m3y8l4pxmctaay2xhaxm4
0/820/, bc1qaxflv6rqk4qc9qej2tmh5nh530gjcf3ru0dpe9
0/821/, bc1qw0ph3eckd4yjhthz5e0wq4z84ynkhckk20r5rq
0/822/, bc1qaveacttg6f3vugmy5kc20s832wfswrepfk80j3
0/823/, bc1qdjz0rgaxe650df9wjjh9lpdyg52s7n8s56jfj7
0/824/, bc1qg2frrxrc46ttlqg30d0s4q98tv4t73xmat9c4n
0/825/, bc1qe2jc3q27pkq2f2eyhkzqp2j0jc4ntvr8wz6a7e
0/826/, bc1qxwzwxywqtpujeswyk8dguk9v2kxgxxmzegq0zx
0/827/, bc1qey2vg9gztgznu2k4ek8z0jewjjx3pxu9nu4act
0/828/, bc1qaezaana9j34l7zf9jkgxszzsu4rxpqkxghh0jy
0/829/, bc1qvw9jnxqrlljlqyky9696zntuf0c00nw8mhmh0m
0/830/, bc1q4a7l7zdky8w66ld4npxgh3y2xwejy3na9dllx9
0/831/, bc1qflnre9pusggnrplmsgyt0jv5qe6vvw5dwlmw0w
0/832/, bc1qf9tck34axpw8xj87w8h9aa30uv64kwuh9a8mku
0/833/, bc1qa65nqcxj7cul67q45xwj6dwwgqgdukml6088vp
0/834/, bc1qncdyyv7rt57t25ef30tpt6kql2flvqu62hhy8q
0/835/, bc1qxyg6zpulgk2kys7a267t77m283l75genves9tf
0/836/, bc1qzrs42v0wdlgzeh89jrhkuh9fgp73dn0cn8e4nl
0/837/, bc1qdxmp4y8a49jtrf0xpf4gu9s7q5axgdc8805lj0
0/838/, bc1qztgz7dcn543gqvj9k628x5p3ap5kejjhzcq5yf
0/839/, bc1qfkgeg4qq5g7zg9muczdgd0tnv4kdkm4seqc9vm
0/840/, bc1q52eam6f89tlzp79lwf209tjha2deny82zsq2ql
0/841/, bc1q5jtrrl5wh0lqwdwvqyy0dwptq3hnjuuvp9w8sx
0/842/, bc1qdhpa6dm5aae9m62nw4fq3vzdq0hdyvahjppccy
0/843/, bc1qhnum4kjhcxsm2xfd5h0rx3kna8sfg4zkyud7hk
0/844/, bc1q7psgugrhpgfgu7fxq6xd4zr9u0dxzzjsf9206v
0/845/, bc1qhgl7cxjrffcv53c95z7xhv24g0fk7q0g64nxsn
0/846/, bc1qv9pg3skv3julfjgrylw7zptzufh2s85hqjp2f2
0/847/, bc1qtfw7472mhvsadfvn63we5zu4ezfnn6fgq7vgzz
0/848/, bc1qvnle0gzqmj8vts9fnd4l2k5ck7se0hype7zasd
0/849/, bc1q9xcrhvfdvvfkvhcsypsczz4z7y58v5ahcq5598
0/850/, bc1qdtyh3apyue49a8wywa46md042ltkatqdw933dz
0/851/, bc1qk9lnm9s4lyy0kjvrlhcsk7gfe6vrx4jl4d70ec
0/852/, bc1q67j7dsjugcnzv6dzmw5fz2pkpzwwwumemy3xkj
0/853/, bc1q8nlarrd2gexfmx7nx523j5r8s9kz2hkksyq7n5
0/854/, bc1qrfr69usl3gdrgl3wwppnx2xls5gjm7fppg9ue6
0/855/, bc1qfaqayutqwmf0dajgjd5kvx7ls5geemgkxzfu24
0/856/, bc1qj7e20nrxnpwury2q68r87ed6d5qm7svluzg7kw
0/857/, bc1q6h5kjs6f25pqswq2vx3t5jt0fnukdcz0cjltgm
0/858/, bc1quef5sjc36tl0c39wauhkp4l2e4625rw82rhrhe
0/859/, bc1q47svrw3qhjzcycrwlxkxeqtjzuaffme2jdq645
0/860/, bc1qtc9dfyt90d6dx27z48vrtxmlu8vrwr247r52tg
0/861/, bc1q48uvugfdrujkz7vm2y9thkmqpkrya7yamjrgd0
0/862/, bc1qf7hldx6kdmxwxley2sy45l3nhccq8w8nnslhgd
0/863/, bc1q7e77apuvmacsmksu4kjy9uyzht6xm26x65zltq
0/864/, bc1qkcc7plewpmanhnvjwrae57nc3elmv7ttyqc335
0/865/, bc1qrqlawnjdf27x7rd0y8uhf3n9xgml2npqw8gadn
0/866/, bc1qjfrp97dwp05kvmh5afzq3pxrsy0wg8f58wgvcg
0/867/, bc1q3dc2wzjgec0vlfwuqse3kxsw7uxwa2ucttu42e
0/868/, bc1q7vpdc9maklspmuxcpw7n2c8yumhv3elhczf8gl
0/869/, bc1qfuk5zndgs08tcnrp9899plrg0msyzx0slshruj
0/870/, bc1qajypa53vprjsqm7r3gwq37gjy97rw44pll3tu0
0/871/, bc1qrtc0c8mwsl3kutmpjvsftg9zhjpkmrlnfkm7mw
0/872/, bc1q0ev0cxg0redfl5ttczy8rwfqg38vqlv5rqtv2l
0/873/, bc1qqmcl93sd7su3x453n608dydnvtm3qpyq0ljjp5
0/874/, bc1qsujrmspgzwzk5yct2hu0weu353068dgskd7kdl
0/875/, bc1qyzgkg9me4stufarwe9e43pvxjf24hx0tddcr2u
0/876/, bc1qyhk66amtrjj5n958tdk2gny79w22nyjjywtve3
0/877/, bc1qtpvfjaddldc3j3u9h90a50aa8zppke06swyehd
0/878/, bc1q6zflxg9wl643ay5ugmq8dlsd40vze3kxrh46tl
0/879/, bc1qjc6j6uj43e2eh3vetdfd9jlfxrc87sn6mdwuhe
0/880/, bc1qnzf48j4a3vgczhry3jg0n4rdrdxx6ud7fglgwd
0/881/, bc1qn7u7zszd5cx0u2ndtdav0va4ujwyyfsan4cf0j
0/882/, bc1qpln2n6q5xl8fdwzgsng0hlqweywez4qukwjnyp
0/883/, bc1qz53geczd3ng0lxxulcxav26z5qtt9jj2sy9vnv
0/884/, bc1qrdev3gnl4vftduz5fezc24n9dtuxn6ae8vxcye
0/885/, bc1qttqtxypp2kptpx0jddga7ejx0w3srmh4x6q2n4
0/886/, bc1q64fjl6cuyh57qp9hwpg3pdj9evphsqrnhyumpq
0/887/, bc1qmgcvrn5zsflkgm8vrylk43x3s5a0dv66acksqe
0/888/, bc1qcmpvenmj7l6lw2fv5d8nknnpdrcnx46sx4ah9f
0/889/, bc1q3j399af2cv3nxm3cfx0j68t2x7m0xmshcy33qu
0/890/, bc1qe4s0ag8qpjyxusm6nppp4qcem6fyrsxyyjhf04
0/891/, bc1q3m33pwehsn2nelvex4k3ke54a7anlcp2sxhm8s
0/892/, bc1qvu0v6lupe8ajnnrq55j3rl993cr3t4pjn3ztj7
0/893/, bc1qaakw38sruww4asz6vtyzp3nxk69y8k45z4fmsy
0/894/, bc1qd2jk2txmdcg4qaudczmhhkcydwc295uyjl5at7
0/895/, bc1q3y4nm6ln433aeg30k54493754d7fq82wllvfxu
0/896/, bc1qfe6ntgq9m0e26rctlu3k0afxjmrcm8xyefcqap
0/897/, bc1qsw2fmyrhhwcvp4cwfh4nzqlfnsjckm4w05xr76
0/898/, bc1qg4ml4sl6l4yscxugrd4kszxuy5awp9dnfjyny3
0/899/, bc1qc3unj9dnf4f3v6gnqzlwvpslkju60uy0h6fd08
0/900/, bc1qzvj9sjd4d4uxgv3nurpj5rxswgwaccqrheh435
0/901/, bc1qjtru7m264uzjyggldvynyc9q3f6ltgd66fmrqh
0/902/, bc1q4twwh33q2yjthsrst6l9um9znmm2yrq48cxkep
0/903/, bc1qjsyqd34w52g8xl9zrat6v7rdek0ydhkegpy7jx
0/904/, bc1qa947znhmkmujam783kszmdnsa4keadr956nqu6
0/905/, bc1qv2069v6aypt6ln3sr4q807waje7w4e3cztd4gc
0/906/, bc1qa4sry2w8q8mg35qtdufesfd73y9wgsjpeul5sk
0/907/, bc1qvyg9rd3jtyf4wtjfvttr4c6zmkrf5cqcv7tgge
0/908/, bc1qs0vdwkae3jn8f30nsxghk57awdrwlv5nmnmgnl
0/909/, bc1q098zst6ruvztzmhftzk3cfau7q4nmm0r83kvgm
0/910/, bc1q6tx5znrjprev20vcw93px3w548j0vck5lhc3jt
0/911/, bc1qp65ew6lr6duvymtgv7lh0llpw7n7c7nn76lrq7
0/912/, bc1q3wc8ycklufkjx465ls9rp67ywqp0sphr90f6jr
0/913/, bc1qsljqsq36m49vph4j44484cdl73xc6tyyg3x6cc
0/914/, bc1q34lyva2zkz7w9d3meve0vzhpt7f7xq7s8psgg7
0/915/, bc1qgezw6dfkfz54a9uyfkfngd2h04x5rjw6lpstyw
0/916/, bc1qr7xs6ndlx4ey4j3cm26f0kzg2mthcx7c2swnnl
0/917/, bc1qmml87j6z5jxurle85x5hgeq8z5y808yz9njpja
0/918/, bc1q6n699yw40unu48k6jjhnyuxnl064jzhw0ff82l
0/919/, bc1qtqqtvsw2ssv0yfpqmp7c9uuggmam9kq8ehxyx6
0/920/, bc1qn2r2ww0v3hrj84jy57knj5mtv70mjmruvps9ax
0/921/, bc1qgh9yn83rrj8p8p6re8xhkd3t4shua99wu35u5w
0/922/, bc1q3ht020gmxj4agagztx0hajt7p7rxc3mj564sh7
0/923/, bc1qzre96cxafmvncskyy8d29k4dgypzv7we229ccm
0/924/, bc1qfuk8548gq94z22vjpt56wzfac9hzy3wc39qyap
0/925/, bc1qg97z98thlkvmdu65sqw52p9w6ml49qeqadq94r
0/926/, bc1q5sk5f9a7arvl7lr9j5x833l6xsv3xdmg9kql2y
0/927/, bc1qv5d3etdkthap8lpm5a9c8k63h3uf6rd3j3zsnj
0/928/, bc1qcgr6t2s0nu4t2ex2dezl2csx2cs8sxm38llrks
0/929/, bc1q7tygfrnfw9xmxmsxlkdtsll4qz29t4amk2w2uj
0/930/, bc1q86he0rp322cp447mrfnp9660t362he5fe5204y
0/931/, bc1q80mnly4a2ke0zvpv87f0xxe2rvdz59e6j95wa6
0/932/, bc1qvcdukm87vrj2g6gh5z9ettkwk8f5zymyv7yuvj
0/933/, bc1q6dnyvz6k7hwew62y2y55tdff5xhk3ha2pa82fx
0/934/, bc1qvju7ak6q9sex02pcapqu4t0pzkeg4df08k79an
0/935/, bc1qv92pd4ghwjjf7g4vlpa9rc2ayvj4gz7westqq0
0/936/, bc1qxznpl3h3f9h3nx5a6x7c4cnnc6pmlgtj7vq7h7
0/937/, bc1qnqtqrrp9ypcxnntsrlv8fk3ft0c7l22asjf85l
0/938/, bc1qjmy967mch2qlttgsr66w3xerld4s6nqdnt3gre
0/939/, bc1qnkm8xtpzckwcx2cwd9chattakhxq4xrvwzt730
0/940/, bc1qm0rv6y3h007l6peslajj5galjj0834ntxdnlmt
0/941/, bc1qepwltyskteslfzyzq3ma5f927zj4scsal4ga6k
0/942/, bc1qupcjf5jrnmfeuefl5h7mgyy2s0jal6g43frk6m
0/943/, bc1qxjlvec6mrmw0s9sjf9l94v4k8xu8gj7jcllj7f
0/944/, bc1qj3kdcuc69kf8frselc97l9cavvppxt05pvt3j8
0/945/, bc1qwl93pfn97z74apwcz707qhh8a95tgpxheucc8m
0/946/, bc1qfht0ckwd904td6tc5t4quusa8tz9fapyts4dac
0/947/, bc1qfl778psuefza6r6ndvhmg2qw0y5y0czfm37u8e
0/948/, bc1qstla9f53z28683lafrrtlea2y68u4lrnxct9f3
0/949/, bc1q49exvq0yf0utwg66kcswewynd77kk6zlvcrmgx
0/950/, bc1qkf7ekty3ar2n9kjntd3ualxjv2gy2s0v9cf39y
0/951/, bc1qhcrmayf2a2htuf09cumrpf844l09pdj8k7fxgd
0/952/, bc1q00s85y0z2ly0hzhdl0s4zdd74v28gvq0x3ppff
0/953/, bc1qmkdyjqjvlp9kyf0jwxgc45lhj4hl3ge23jzqqj
0/954/, bc1q008tzqf4vt9te5hxvk732m07u9n650yeaxzs24
0/955/, bc1qduunt77p74gfqk5qyjh7elcq5lrjsyk30k6rwu
0/956/, bc1qfxdzwu5j5d36v5uc98dvgc9uvuzuxyx3fhaxzl
0/957/, bc1qzj5x8ge0jadh84mex9kqxtczfrq44t6j9hxcp3
0/958/, bc1q97fxjts4z7dpsrypp6kgmggtcdcwyxkuf90rlm
0/959/, bc1qahud3nj47umx363hmg4w3acm8afj74y4eqpzay
0/960/, bc1qqvr4h9lmgr88akastrpcvuqhg9h8nm3vuhtfkx
0/961/, bc1q6kw27u87u742alxsthnh9dfq8pg27qfzw98wxn
0/962/, bc1q2y4v3cfz808g7l9w0ul20ak3epxvacd9jr0cpq
0/963/, bc1ql4fxs8pk8n0k7csl5dcal72qq4ztg0k888kz3y
0/964/, bc1qqjk38mt8wwf6ufg2shpm2eh00u3fwjh4z5zd7z
0/965/, bc1qux9qwcygelsxwe0lrlduc4sayhhspv4h22g380
0/966/, bc1qh8efyw2j4xg7uwlcrwx9nurq7fpn5vq4lffntx
0/967/, bc1qa2097j3mty6cgv058lhl8xe5yshy43zshsnvwr
0/968/, bc1q4lpk5uwx9ks7hpryyqjez4m32vdjlqdcten7gf
0/969/, bc1qycgwucp7mxchzwk2mtzaqqpwl757rm79p6hpw3
0/970/, bc1qpnc5w5zazy0hkm0je5w55kpr35jsaevpl0qya8
0/971/, bc1q8nq02yzzg98xueq24z2k6h9q4fc36myegwlrr4
0/972/, bc1qrux68j8a6j8vn47daxfqyjns4uhe4al9wzph33
0/973/, bc1q6gfuxm5dsg06v3aeq4jpyfpxq9p95pmhnle94x
0/974/, bc1qfh7zhgjv2ff9ckv4ksf50xp0jz9qvzttyqakvd
0/975/, bc1qva0afh8qfgnv0sypkp7mgjs9lxqyzss8xus84n
0/976/, bc1qtz0kmrgqsfghpq05hh4er0eezyk7n8rg32gncf
0/977/, bc1qwswwy0af5evhhrz997n8r7823zrqxxeqw0vsx7
0/978/, bc1q5k9qgzhkklazscckwcm2nt3ftxcjuu3nusuhld
0/979/, bc1qtnq9hkjqlhtl9yeuhv85x486zum90j5wfq6kz8
0/980/, bc1qglxte6a3ml0f79mxk92xf0ruqf45n8eg3caygx
0/981/, bc1qfagvet70fjsmtw7whdxa0zqe7ylz84qudlvqc8
0/982/, bc1q6slndjh2elsu3w9gmqsl3u4czs5jmcf5shhcqp
0/983/, bc1q6tt49u7q0vewe073p4ltq72m4t2ayej32cm96t
0/984/, bc1q95wnma90vj3fc52rvwg9268quv6w0v5x8xdnyf
0/985/, bc1qczy6pm5qjv3cxsfn34y909jdmfp6my426kx744
0/986/, bc1qrhrw0k2sy67q963ncxr9xaxx8p20delk53aajt
0/987/, bc1qd4nqa8sxvm6hz0jqeg2xrfl8rf4nzqxlal3gg6
0/988/, bc1qm37zhqparg5d4saeg2nj8qlrxthxte7w2j84dg
0/989/, bc1q0xclqkvup2xy9vlfphhtepk5q5et0x9x3wx66p
0/990/, bc1qgrjh5vu6fmt0gnwjlt995k0e6p77w3xkq0lz7g
0/991/, bc1qye38gv438475f5n0lveyr7f9w6xd40ugmlwgh8
0/992/, bc1qrpmnvh3pvwz3xl2kne96xeq3c5xn3fcxv9h4u9
0/993/, bc1qhjmj4hyxvye8dzd76ytq3jm4ar4nuwmycjnedx
0/994/, bc1qdcphwdup9mh9prwtrtv0jf6fmcrf73a4k42wc6
0/995/, bc1qz3zgv5t33ezcjdrjlvmz3alzhm604qgw2cfu7d
0/996/, bc1qxmjdjk4rfqav57skewf4nfw8h0lkvmyz545yc2
0/997/, bc1qfq4q7w5ft8uuf5q8f323kzq7u202s6hj79qxcc
0/998/, bc1q4era9mqnp90xfwd9dpy3u6vennxz3l8pughyjy
0/999/, bc1qekjqn3kdk6rkwc22p6r0snv4zyu340l5wvw0zw
0/1000/, bc1qfwegn7m3g8atshtjukpcdgcp6glntcuzh5z0tw
0/1001/, bc1qnthuzu44t3rqqnptmexcmmkax7e0ac8pgnyqwe
0/1002/, bc1q38a92zugw2245jkphal4g5dg6hq9tyhes0z520
0/1003/, bc1qf99z7u0qzmecmzwjq2zf8ngrrj2lpdtd02n9g2
0/1004/, bc1qk9nnv9swkc3knv04hz3hkg9zn6afwl74y5rxd4
0/1005/, bc1qydsz27jrsymz4p9mlvkp78sq0e6fnmyev7pknq
0/1006/, bc1qn5f276lp2rdagv23pjsa895qp2qy8hsps8vzn9
0/1007/, bc1qurkevyex2fexa8spj074cyl4x3tg4zrt79gc5t
0/1008/, bc1qx0hdv6pna0huvwx0lmz38afsjrgnlwm7r3uf0u
0/1009/, bc1qc9nly7x0kmpxpyer7fpk4mljmzdqc3fmq9k5w9
0/1010/, bc1qdpcgclhc6rpefvr6cavjl0xudssyu0sq5wpd5a
0/1011/, bc1q6tpgldtfhrawfcxc9ve9zzsadr0hg3wqnn68my
0/1012/, bc1qm4dqwsja8wv6536xdugyfsakk6gyj6u2ehgdsv
0/1013/, bc1q40rrdfm8wg64385uvwnhfmdwl3f0wj9ugvheq3
0/1014/, bc1q0lpvtcznemv2ydnr23cdmzyaulukp348tta8cx
0/1015/, bc1qxgqgnf6c6m09hc25g8gfv0jhlnzpr22uwrarze
0/1016/, bc1qlnx670l0qf24lr7n990uuv7phvj83zz0kfktum
0/1017/, bc1q27z40w5f84l0nnfldf62r878hjg3et9akctv5z
0/1018/, bc1q72l06szr5unfwg23ktet5yvmears3g0es5fszz
0/1019/, bc1qk5a7lcv2r4ve0aqxjqc4z2cp8x4x7fcv9a4v57
0/1020/, bc1q8d7k756r3xrvwwf6uc69vwpqwcxz7yyhtlkjz5
0/1021/, bc1qeag4wjducqslx6eyg530m0ehlscjkuuqg4gmwm
0/1022/, bc1qyl34kkg35jwmy86x74qwcmk8qp0y3r8mwe0kyp
0/1023/, bc1qq0qm3pq5lg4a0ljqg3qcgxxnxvcvt9pqj2m07x
0/1024/, bc1qpjuun9630dugfsmpdh7hvfjqtzhk33ztmn509n
0/1025/, bc1qged00vzdrpjjxj9ek2gszydyyflag96yv4a74w
0/1026/, bc1qp0z8kyu3236ztk62nnmlhlt6wxtfus6tv32far
0/1027/, bc1q4ztz6h9hsy4rdte8p950nu92kg9lkaggyfw7gl
0/1028/, bc1q9ya0m2r47dwec73mkgpqspwjjgqhk33u4rcwqu
0/1029/, bc1qn56y5dkjmarl8ymjhz52a9qe9nracr2975gfp7
0/1030/, bc1qjcuk97vj2nhx2gkazgdz48gmuu75x0gnrf8qm2
0/1031/, bc1q5dztjawdxxy9vct4ve63603leedqc4gr3q2wml
0/1032/, bc1qalzfngm3q3qs56xgdcu8a7hhsa09ntawjcwhkp
0/1033/, bc1qhtuljcp0q27raslnaaxrd0a90puaxgrew5u6xs
0/1034/, bc1qtkaz8upfgj4lrcrntd6rvxesuq74q0rfj26anf
0/1035/, bc1qwa47sq2cmd2txl6450jng77arxz04yaldxefll
0/1036/, bc1qp2eecevsc082n6nl7ldxl77wg3ck2rhd5apskk
0/1037/, bc1q0ryw6zrj3f46fgz4yk4usu4wrdd2efdvm4qr5a
0/1038/, bc1qtvklckv7k6pp3vam4fd24yvlpnsmee7peyj3cf
0/1039/, bc1qtzjmqk7nexfmfw20avxzuxpu0k9ug3haj6hrfx
0/1040/, bc1qk0448y2m5m220rl7jzyaesxps6qxxu7cmftsm9
0/1041/, bc1q7h2qedzpg6kcyjehdrenda9jsayhvtw6jqlzew
0/1042/, bc1qdmy64a6qnhd0tpl892e55eujl3hjp5wm2vquf8
0/1043/, bc1qwueffj0a5pu9yqd3y24j4f7q7ee6n6gm66wxgd
0/1044/, bc1q03mzlttyt6ce5u95zzdk89t3k8322qdtmm3a9e
0/1045/, bc1qarayk800l0zg5av4stcx2k4wt8m7eamkdrnwu4
0/1046/, bc1qmnrkju7qe2t4x38ggl5tt6czarjd9xts8es7mw
0/1047/, bc1q5d2medjr95vg3udvtszx5s60dlk7gqus90cmlp
0/1048/, bc1qyjqgh8yz5ne2kplas0tgwk7dg2680rgs46av05
0/1049/, bc1qnpqg7snst96u58rq8ck4683cz55gjmq3mkx4h8
0/1050/, bc1qd9xdz2wnhdqs5e5j23vd08kfxw6khh5vx0s2r6
0/1051/, bc1q3pxflxljm6s73xqg975pvcv08uugxla3jw2dj2
0/1052/, bc1qvc40xwrelvgjkf9dtcfs0tczze9klwd9yzqhwk
0/1053/, bc1qw0pqy3j3rfa5yncntkufev63k7catmu7ff6qn2
0/1054/, bc1q64pr5753wrmeyjwdl2p76my3hhfda797qmhrfr
0/1055/, bc1qrhj9mcks8efq7xdpcndq6cx8tszw0ad43c3t2s
0/1056/, bc1qqnkqkrcvltf2wcw4wjt3xtccww8tsvudpez756
0/1057/, bc1qphj2lwa0tuklcjc2a2tuzrmqd3zjr9g9nh9tep
0/1058/, bc1qkz42m4yec3dj3x7rcjw04kz08czydpgcxsvq24
0/1059/, bc1qwy6ztxnt67ug2kckgve50tj5ys9yswjma8slc7
0/1060/, bc1qy4n5c38lz6f7hdsxc7jxka93m73j77wattvxc5
0/1061/, bc1qfvaksktcftqv05fjcedve6tu5k6y2ctwef43v2
0/1062/, bc1qmunxdcdtq4gv4ulrs5aycqzsxfgz8qhwxzn0kw
0/1063/, bc1qzsgjhjnuns03lraysqgdy8w93rzyldqtr2q743
0/1064/, bc1qme6dyjytyjqlp749p3uc579wt46e742fn33urt
0/1065/, bc1q4y3wpszynfxy0jygwm6erm0gwrw078n0824zvh
0/1066/, bc1qz4zwp0hh4zdpdqk6vf0fxdk04k8nvhlqjuzcqg
0/1067/, bc1qn5dn0arsshvpn7n5gf6c64hj4kuk2mxtk0d4yl
0/1068/, bc1q6c36utrlwkfqz9wyqnjc0d9r44mn6rfm7v74p0
0/1069/, bc1q7jt7skqqa39szkwks7enhajah2zwyxpafxnq7x
0/1070/, bc1qctcqchnsuqevrhyvuc38ry7fmg68zw6j0wg04u
0/1071/, bc1qs0nvz93mqezefe6p5qmzlnqw2vnh7pm3q7qqgm
0/1072/, bc1q67h8l9dg6lnxmj3kml0fkss2fczh806h6tqmxf
0/1073/, bc1q3sna96448us3qpdf0xmucwmya2ffpg026qp4pg
0/1074/, bc1qv5auz47lwsjj04acx8c5rhsfrypzyg2sl503m2
0/1075/, bc1qhmfn4m3xwcmdy8l9la0p9shf556qfn6gnaaqky
0/1076/, bc1qzdazthpml0vvscc3x0vkqnwm36hpyh6ck743zy
0/1077/, bc1quq0d5y89k6g5fecr4p5hralwzsddlkkycdlm9a
0/1078/, bc1qrqa2v9qzxdmfv97ptcew8djd82fauvm9unr4s9
0/1079/, bc1qamze5cdc7zhjt3cqdg8jxjp9dddvhsc00qrsgq
0/1080/, bc1q54e577ca8phtpsc7j6gcpgkhhn80zhnyww8wve
0/1081/, bc1qzfas99w0ngfys2mrk2gw60paplj8mdrdhj0lnk
0/1082/, bc1q0mqdmgkysntw9pzyyd0enha2w5yhqglugj48w4
0/1083/, bc1qud6jq89k02cfddna9rk89vcja8024mwrstht89
0/1084/, bc1qc5l8p8twz6pppkcyme9a0hj53vk75ka9peap2y
0/1085/, bc1qrcqup9m5wqq2esrykmnmvj554pt0mcc2vdec6u
0/1086/, bc1q0agnrneehkjxrqvw273wrm9x4exsfyrnwcz808
0/1087/, bc1q4twnmtx429qu3a0cr4rkn45r5px38dnc09az4s
0/1088/, bc1q058wu83uj9eqtl4ne7hqr3dkxsfk7n8scql4h0
0/1089/, bc1qfjjww6xat4awdrxsee3y8way2gpdndc50stjg9
0/1090/, bc1qqplxvxs90ssthat8adpcqtamfhvxwrlzcmqly2
0/1091/, bc1qdvqyw60a09egyw67jyysdmtnhkcqdwyzllsf4a
0/1092/, bc1qc3rwxn8a774fychq35tn62scnp8zqxe52twrth
0/1093/, bc1q4d76t8s4xzhvzh0cpw3hgx6utv7wd3avxg56q0
0/1094/, bc1qj4reugf6c8m6vgncmwdn6a7675mrnwcp4s78jy
0/1095/, bc1qpxwatrtul8gex4an3ryylpdmcjmxnjcn0rh78q
0/1096/, bc1qclqm7cykrg9k5mkrvnr0r86f723fcvcqu8l89u
0/1097/, bc1q5rzevgt85wwrz4056dcptupj7rv67x29dq2tuk
0/1098/, bc1q7rlqdnq58f0c73f0ffkqu8d80ejtdxha9eu5k7
0/1099/, bc1qmvecmd32nzq2r3mz8pzhaful8npstfg3kkys34
0/1100/, bc1q5ek9the0mle3sgclsxwxk2vlcwh96gh4j7vnk6
0/1101/, bc1qdyltmf9gl4rpu3ueqhx9rpvjks0fn8flcm9uka
0/1102/, bc1qpn6nx72tepf74f2y6g2xeklnlaw6xskf7rjj6u
0/1103/, bc1q7w0vn2gsg9zxt5lnl7lpy5tk4qljmutmh3rujg
0/1104/, bc1qjhwuvl9vht96h3ww60s9yrgadkla6qm7hgxts4
0/1105/, bc1qfl08jz07cc5du0vv6t2kucdaa6vu32pllmn8jp
0/1106/, bc1qzgr9nzsntw9rx2dsw4n5lgwfxz94tpf3n3j74q
0/1107/, bc1qaf62kkv28cmq9mnpts4js3069cfuj96hyx0tfk
0/1108/, bc1qkmkqjawwvz8d3v6277792uaf9jf9h4v8sz6ru4
0/1109/, bc1qlgftlme803vd9cgul5dqcfan85z4zu26h6hx69
0/1110/, bc1qlw6qgvtcx64xklz7vrm0lgtqrxaghxka8ayegr
0/1111/, bc1qymee2wcv66fe67rs08pxef27v3hjc6x6ws8nna
0/1112/, bc1q9xskg2dulwyuuwghkxtr5fyyt26qz7zd92ma8y
0/1113/, bc1q0n45gty0hyuzvmu6hu3wd4vhc0p8lnnvv3hey4
0/1114/, bc1qrmv4cy2ufnh08zmzlf2kglhaw8xv9q2xm9a435
0/1115/, bc1q078afyjuj03nhkhszj8e45jhj2y8etssnz9jfy
0/1116/, bc1qshfqyd5rp2mwprfm98edv2qlj302tujfwaamzc
0/1117/, bc1qu0u66esss7aycapywxs37rpa8k0v7rk98jwsmy
0/1118/, bc1qpleptjzzh470rz223ljs6cnwlrhm0qkxcjjvmz
0/1119/, bc1qhsnew8hfuwqzveqnhj8v3meq83dvl0wyngn3t8
0/1120/, bc1qhn7rxwrt704sac7trjll5pgau5ws996zku633u
0/1121/, bc1q4s2sh7uxsvvxswmrjypj8xfe5sr77c2dqp5jek
0/1122/, bc1qpt202e7m670nqdc5w5r9zmj07gzauqwjq7hy5z
0/1123/, bc1q8hf29x7kdzvx4r9pr5ghvx009sls230s6v5duw
0/1124/, bc1q45v8cqc9q25scu4fy2j34wyawgsdt6cq4ng9x5
0/1125/, bc1qy9ngp5dg7pwv30cfz8cnpvzeh0th7yga6ttkq8
0/1126/, bc1qegpq7aa7ujyjveauzkphec0vdvga202sgexxyn
0/1127/, bc1ql2mpsya2xaev2qgapglw7nwy732xkd9cy0up5s
0/1128/, bc1qr0hy38wr6w4pln6u6ce3ge75u5gx76n6wkxhkh
0/1129/, bc1qsqrsrukqkgad7up6l2nwhjdvfny20s43w78ehx
0/1130/, bc1q3n2v0mmxc9zr9pu5tp6czxr4srrvdm4g0gjq7g
0/1131/, bc1q02rrqnm6ap66gttkqdle2fsc7wzemftl4u7qp6
0/1132/, bc1qewdsyp098zfs24txq9pt5w89cpjlwxpdjtdjn2
0/1133/, bc1qlgt8xk6vt9gtdlep0tlfkx3c00lw8l2kq9jqke
0/1134/, bc1q2jxcr9jzwcy7wgasgmpvc3gtddhhm4e2vgdd36
0/1135/, bc1q6hsryz4d9dym5d4wke2akcvluxk27zrl5xk6wa
0/1136/, bc1qsfguahvg2vjhenugmdhsd9nsn6f8379tyf4atd
0/1137/, bc1qcusaqdfcnmppz9e0wm0p5n2mtfgrnu3znz6v2f
0/1138/, bc1q7pxw0z6h6q3xmc8v5c6003l3066a7xmnstdzz0
0/1139/, bc1q9zspecdvh3fg6nm4gn9kmy9048kdqp6a2278xc
0/1140/, bc1qpmlez4k406kjk8s9llkgstuqxa5r40fxk4ecgj
0/1141/, bc1q3lgqhugr2vtc0ck7r7dpe6qtahaluyr8yknpyd
0/1142/, bc1qhak86zyvq53r668camvkp4zen3mrwrddu8phxm
0/1143/, bc1q3yfvnfke32da50fjgtrq09c46e75m5tvfmdddr
0/1144/, bc1qkpmytz5ar9ldy3n3rjlsrelwf9aeqscnfmgf8k
0/1145/, bc1q6j94nmqqll848hydmyywe5uuxf9hsk2uwwmekp
0/1146/, bc1qck67fc4hst5m3ej373lq3ujzswx947d983yhzf
0/1147/, bc1qwfh9e85u638h0e4rs4nxe5k05l605fccv560ny
0/1148/, bc1qge2yna7exnjv6ppqwgalm5md8pkw3k4965m5rj
0/1149/, bc1q9rkkdcfyltzw7jjz5ms7rk0rpx02257pvzu7h9
0/1150/, bc1qez9flcfsvpzm264tcu66mf0adjk8acr934jcwp
0/1151/, bc1q6d8xgwyjsk4nqtvpqxrfxaf4j5hd95vf3hevy5
0/1152/, bc1qhy7zt7qv7erdlhsr7saturlpq74h3v8uhhjc74
0/1153/, bc1qxlf3mnr9ptzrauvxrykjs6qje5j04qetx0w4gm
0/1154/, bc1qfvcura3gcjtecw89ylvdkkaw8zmfyv2cjcry0z
0/1155/, bc1qlgtrn9edcuyu7z35fn8a3c8r2njmd47gg9gtv9
0/1156/, bc1qw0w6aggmfvlxmjdfffvs9j3d0agse50j6uasf9
0/1157/, bc1qfgr7mh2zp9v93z9fa2j5n4pcwqwsuqttnyeuly
0/1158/, bc1qnqyes3mkvltfhd9y0xhwwt8zjmvaf9fcfc4t2r
0/1159/, bc1qlnd28apne7j8rakw4dtc5v2sjpskck2ufldpgg
0/1160/, bc1q50kf005edum8f2npfl8uln60ea375cwe2pgr70
0/1161/, bc1q46rksxffm3wfxt2wp5v32t2ke77a3gwqx08s4q
0/1162/, bc1qmfjmungmn4edcrfhj58v959ulxh60jz90jquec
0/1163/, bc1qg0skarck7uzxzwqgts9y77z2muyz9t8jpjmg60
0/1164/, bc1qu7nel0e7fcpphau8cgekm56h45rec4szudgrfj
0/1165/, bc1qrazr9d26y4q3jvqres6hvmsrh0vpjygdxq5y35
0/1166/, bc1qgny94hru2u4kv7mr0gt00xgrlgqk6ppjq972nu
0/1167/, bc1qmzm6ntdxt89y5f24qz0e8d3vfke6vu05dh5mqk
0/1168/, bc1qyv3nlcpwpafys30hdwlcl6jjkggzqke55wsuyw
0/1169/, bc1qy2rrn8285tlhf2kzqka84cagg70glnamdf552l
0/1170/, bc1q8gr8jn8ymezfc490vcl8cgk0tpxmlyhy487ent
0/1171/, bc1qzpankrdfvaw0kwmh9dw9vdce972390m0y84nf7
0/1172/, bc1qsl606yudakngfxs0a65gvy8ndp4xktdhgq8n9l
0/1173/, bc1qq4xnqhhwuyn0vpthzz8r3qd9znyuv2jerjh2ad
0/1174/, bc1qw4lwrtp7rarxkl59qq4mslmlpy32ftg50zy048
0/1175/, bc1q6agjlj4224zp82s02enxqx0v3a65g5q2cf7ncz
0/1176/, bc1qyafr9hym0qgp47mn6uxwlpxalz2x05aydlrnrq
0/1177/, bc1q5ptpmrg58tqlrjgdgk5emsgagnm3hhus0jgvnz
0/1178/, bc1qe386zwu50c0sjw7d7f2wyx93qqtuujc2nax750
0/1179/, bc1qvyym4va9ahlkqn0svrmxl4vtw2hvkuvushatlk
0/1180/, bc1qlgu9hkacaq9xm9ttv9ywn08pdq4ja0scl95vh3
0/1181/, bc1qqxpfts3gj0pr0qxzxl9m3qycrus6sdsgfgjw23
0/1182/, bc1qxp778sspzgs2y2fxxpctvnk0fk5fwycq44t0d2
0/1183/, bc1qpqn8pjt8rg9jnk858u9nz5mztqjh6nnrfugh59
0/1184/, bc1qjkcn69k0s52uzp53urwh4pnthfvf24xxcnyzka
0/1185/, bc1q8fdtugrgejqj9e4gqaz0f7vmzw0z3z7aawn2wm
0/1186/, bc1qrf9zd9atpqld2srlvdexz865es7znn8x252jwa
0/1187/, bc1qz55mtq9mgq5qu39p6rzkx2x8x0a9435gcuhraj
0/1188/, bc1qsz69uj896letx40xsdum9m5ygekvca87splm0y
0/1189/, bc1qnvtu5jzj7k8hzp453wtchpvhxg3w3jyvw6gd0z
0/1190/, bc1qp8ju7t0q5rxhg9ql6gzl8m6fqf2wvhk8u6sk37
0/1191/, bc1qmhteazaldm6r549ernxfeul27tx5mhjur7hksr
0/1192/, bc1qfrvgfysxmfvtram72eptma4mw5mlt3y5j9nzpq
0/1193/, bc1qamxenhvdwn07fjvklzr76v5r7x670yfhde8ygs
0/1194/, bc1qmp4y7slv4w8dz6942wry320dh22he89pq8emap
0/1195/, bc1qpj8gqpa84drxyckuw22fezvyqxc0jamg04ajlp
0/1196/, bc1q009528smstnmpwhsqrgj93p7ka5ghw50z7ycrq
0/1197/, bc1ql3kmzkrnhy2askp8k08xsmkrpdxv9qv0ge62ta
0/1198/, bc1qktrhna2wlmj2gvy0g57a8we0gmld53h2serwzz
0/1199/, bc1q9s64srvj3ufepnyuj49vdknwlukd9vqj7tntlc
0/1200/, bc1qrp73u94gz0lklrfmjy4xxkxkeqgt8zn9u59shj
0/1201/, bc1qutcv3anavwacvq9kk6qs33eqtdy7g6cmvpjls3
0/1202/, bc1qxhgc5qrnhk7up347rk6u4fcncs5wdqkan380cs
0/1203/, bc1qzh5ta7p45gl30qjxylm2s43r29tucfxmgl5avz
0/1204/, bc1q5m7z3p60x5p4zkcjddzfvcfkguasz083xuzz05
0/1205/, bc1qnl00f5syrpca7w7wecwt5cnwg50afaz58d5g86
0/1206/, bc1qg8gza0pupmhjq7xsqx9ug4r267pu56w7t3ukqp
0/1207/, bc1q464t5c65m3jgx5nq0nj2xyhvqczcnnlze972uj
0/1208/, bc1qp0x0ecc3fvcqst5mk45qkggguxkknc3e240dz3
0/1209/, bc1qlknfsf9n2wfsadt4wdvkpexl0g6xw2uvavegxw
0/1210/, bc1qeujcdcteeq5mv62ur29ccgqempxjxuwevy9l4z
0/1211/, bc1q0hlkjfldt7s8ta66st5v6gz9m6hx3m5g27hkrl
0/1212/, bc1qs2z0lsh9altddahqxv3uf9ecfas09nj7qjwcfz
0/1213/, bc1quxrk2narhwxekhlvp4l3qntpx4dmmga7ljvg8m
0/1214/, bc1qwl7d4a2n6n2zcruwfx8ys589rkqh6s43q0kkeg
0/1215/, bc1qnn0v6rty3rpwn5dme5uuydt8fy7hhd4s0pkjpr
0/1216/, bc1q7asgrgkv0pt8hvp7xdkcmpuzx4ajvjyvd68nd7
0/1217/, bc1qxmq2srhdtt48a7x4s62n6ne22kjdqd5hjrwqdv
0/1218/, bc1qsg2m6eqng5kt8luum5ya9k9fxfcrkprx5768ua
0/1219/, bc1q8u39q9jupt8xkrw3l66th39yrzghn5yew30qcn
0/1220/, bc1qm7yuqcxnwwe7g29g69lrwu5rpf6rj75ca3lltz
0/1221/, bc1qyfas4zk2ml90k3vc76fq8uqz7ltl03ny0m8rwz
0/1222/, bc1qf5lfwrfpw4xu0e95zpgj0rhrgeaxrt34etm7s4
0/1223/, bc1qv3kgln9t82jsqwfhhhlpn2nlv9xzhl95k25gm4
0/1224/, bc1qaayudu5nzkcj4gdgnem2kw9xun8yednwmwjqvq
0/1225/, bc1q695y5kkc2fj6n73djfezfqnwqpk72fkwykq4qx
0/1226/, bc1qd5fw9u5w6mpdttpj8erfw858r2hx7cqp2mx3h7
0/1227/, bc1qgs727m2ua88hj305ecxh7vpar3k3u525m6ux9m
0/1228/, bc1qukevdnhnpdwkeejt2alnfee80vmr6h0mfgyrc2
0/1229/, bc1q3uxqzq2k585v7wx49j0wxkmfchhm4rauddr997
0/1230/, bc1q3kz0434rgvu68erqa8kxluuf93qgt6fx48q2el
0/1231/, bc1q5ells8shv537qcvq0mad2p8cgrk0uuuw00jt9w
0/1232/, bc1qckw85q3anjsykjfhqr5fnuau4hdsq9y0g9gwrn
0/1233/, bc1qnh245qs0ed0ulsskhse64flp0grvz0mvectyxp
0/1234/, bc1q7puvtma9t00dwtphqamfcvnjp2muxs2quppsl5
0/1235/, bc1q4fcfz89kasr876xsgyh932zh4ckunszrm5xhl4
0/1236/, bc1q8677cxnf0q0k6qlmrdf448gz9hnnvyaxuu2aau
0/1237/, bc1qhtml7pufk9kngucmj89asvpl4kd5eclgzyltgx
0/1238/, bc1qmy2l4egn7em4ycc62hvenlanscwwh76lvzwfaz
0/1239/, bc1qdsm3ed5y9xps43e2u62n0lvw47x3sk6r2qemtu
0/1240/, bc1qz675h2tryret59avhg7rr0v6p7f4fkvmdny0a6
0/1241/, bc1q6x96z7w8gsee3zf5e8cuw90aclvkegap8ur0hj
0/1242/, bc1qa2dmm2a3phyt5ulqgenkvfl0nq73a9d35qlyjv
0/1243/, bc1qlllmrgf5jarvuuth0fx24w9xyyvt554w7k4grv
0/1244/, bc1qjgvgx6le77gxk95wazpns39hptnhmack7mfhqf
0/1245/, bc1qensz0uhjllheh3xjleh5jggcxstrypwxph6hx9
0/1246/, bc1qelfv95wxk9ave2yluppwthkhmvr6svurdal09c
0/1247/, bc1qef7dqkwgwzrzmwcspcgtq5aecftkfnf2mgr06l
0/1248/, bc1qgdr2rfzfttqqjangv0tum36mrun2dvmnjgw28t
0/1249/, bc1qcvws28zjcddlgaf3yhvsatjm8jn0afdsvwhf9x
0/1250/, bc1qzpxdtvvl0evy5l9wpkx9e0uf0e74fd485mezaz
0/1251/, bc1qvyx5dxksf4y7sh678kfk0pm9r3wnf5rykpgtlq
0/1252/, bc1q3r7m7qll39plnuwn002xqy6fukc6rxjy7lu8rv
0/1253/, bc1qvpnserhgqzr8p2mu80mucel9z0ecpgfk85zcxf
0/1254/, bc1q7rfgmn87n4ar8kd7t4dzp4u3n5ayqdrwyeru2y
0/1255/, bc1qtqum3n6f0armlx607gf5q6v8my5sw7c3vg50z0
0/1256/, bc1qmtk0ygf2c8rzdq3kshgr9ea4hsdufz63fzvjdq
0/1257/, bc1qlc6rut4vftz6rvzj9het5ar63r3m4dljh7tjk3
0/1258/, bc1q2v08t6un0rkug89u3fymd24fcsh89dte5qvcct
0/1259/, bc1q5wlt0pypcd5835ru4py8pl9m97u34537j7slqz
0/1260/, bc1q45wr6asyan240rtya8vxrqejlatv999l0hp09s
0/1261/, bc1qux8mgzxa45l9zs9h206r5xv83dnaqljdtcf63d
0/1262/, bc1qu6x0qcvxklhz38jgsu4pjsd58ka7ht2da28jc0
0/1263/, bc1qe57gc40a6lvhpw9f3uk3dhzmg9rvyamwygjxgv
0/1264/, bc1qj6yhyw640f7nxu3kqhz4amfpcu44a0680jxx48
0/1265/, bc1qmmen4uereesatp59hundchpnlym7y3uszkuak5
0/1266/, bc1quzvcwjc5yjysrnk4h3yu3r5lun8xh247smhxdu
0/1267/, bc1qn3v3wyg838dhd99q4q09xyuxdrlx5l6fkcfnnw
0/1268/, bc1qd74pmuv0jrm5c49rq6ylfxe0hhw0t6y6vxj7zk
0/1269/, bc1q8xxk2u29fml030sauzh4keedlhzpqt9r5emf2y
0/1270/, bc1qfuywg7gmpjmsu9q6n0h0wk35l2jthj36f87vzc
0/1271/, bc1q6v3g9c3py5j2yzqtase0hcllsqnytu8j8saje8
0/1272/, bc1qgd9gdagum2zw5z4s89cg4t5qy5lh3wq45v3y5f
0/1273/, bc1qytryuchdsa0u25fequwxanyzqqeam5ww2j98cy
0/1274/, bc1qznwx9qq0dr68w7vfnm9hcexary6wy5k54tcyls
0/1275/, bc1q7md84vzy98wdxh9fh7u9ajwvrgptncpge2sy9t
0/1276/, bc1qa0pmrvx8aszux8hedkpwwax59s38rs98qv9kjg
0/1277/, bc1qnm5fyd959nu9yn8a3fcfjwwtdqurt8u64cpyem
0/1278/, bc1qlkwrgtn80r5hl68pck650s9w5fqlll8hlud6h9
0/1279/, bc1qksj9qweh6u7vnxqv7hemqhnty28mu47r98kd8z
0/1280/, bc1qxtvk2ky6fsrmagpcalyz7m4vc8xgsf7up46vls
0/1281/, bc1quyl8nyl63fw52yr49llhwgpqswceyg0mqfnmm3
0/1282/, bc1qfghq806njtyf7964xlnqnqcg7e3dhyvaw2n29j
0/1283/, bc1qwgsavawp58vgnfg72z0v8yqdjyaydwzc5pqhn3
0/1284/, bc1qu0v8vxtx6y8uwhmj9hwfrv3dm6hq3sxjk0twwt
0/1285/, bc1q5emhchy5q2na82fn4e0vst8rl7ekyc6l7zvkrk
0/1286/, bc1q9mzxf63mdldgmdqrjsks59m60l9pv30xluj6ky
0/1287/, bc1qcrlvl3m9ajnw63h598nluye77xfca5nnlt0n26
0/1288/, bc1qmvt65yrgg79rc8vsytd8r8zz2erx32mkf9wd4d
0/1289/, bc1qhxq4evnx6590rthy5am4k8h0lz9nvywgq5m464
0/1290/, bc1q2rhelupxc8kkpta4qfhgqsfyjk7egwwca3zwcy
0/1291/, bc1qq50v7fts87vx5lscsddvleuetsxpfydd4czcjp
0/1292/, bc1qza0xt7tqfdfxc0sc3wm7s64x3u08ym88qtzghq
0/1293/, bc1q2js20q6fjw2qm4vzspx3tav2nymq69q74t7zpj
0/1294/, bc1qpjf5a3zdrsfkxwqderfzwc0qyamhf35wslcadj
0/1295/, bc1qqc8l90ckllrjenjmd7edwfjqg2dae2d05h4hyw
0/1296/, bc1qgx9yxcq8epreupg0ysw9uyrum8sc9e3rfccgue
0/1297/, bc1q4dj3y3jkmu2uswp9jav4r3ehckw9zmdxh0ezza
0/1298/, bc1qtwq5ycnf23ty6899srfflqxhdxz8erz2w92ppy
0/1299/, bc1qhd9f0njsvkgs5dzty0qaxvxktps8x2zkkduvtk
0/1300/, bc1qkmjk8rn3q22j6c0eau4cqq493fas9lazqg5a49
0/1301/, bc1qffy2shhc3aktuaq6ntf3t2crcggphu8kjjkq8u
0/1302/, bc1q0683kuwlqj766taaswzlwy3cs8zgxex8mvduj0
0/1303/, bc1qp92jq92v7m8g8ad2duns287ypnaffyftutszmm
0/1304/, bc1qn4azveg6lrq64kkdyktcv74de3r9pq4k2rvhva
0/1305/, bc1q2wedzn93tdnk9syx5hr5fcc8c2zayvzxcgm620
0/1306/, bc1qq5l5lf56xn3gnhxnrs4vt3xpkee3kee07x0k6x
0/1307/, bc1qjuflt04sprle3rakunerm2le45z6d4e3jfeppw
0/1308/, bc1qpttr72enndjsywujll445rsxkjwr3h3h7gnjsy
0/1309/, bc1qv90f7z0esrkz9cwjl0qk9t2r4gf6jtpvfpa92s
0/1310/, bc1qm0fj30rvjeucsm9jmc65077pfu3alegmtvz7md
0/1311/, bc1qyuhhf30d6ety8shq2v4ftjklqqv28dvfm85t7d
0/1312/, bc1qaecpr8p2gzvhmg9wsemewaaknu7ml3c85al9wh
0/1313/, bc1qz36hhxs7c326xpc43yhtcn4wvtwgwrck37el36
0/1314/, bc1ql64g6zmp37k9sefhsj3rxvmaxfqw2zz345vj20
0/1315/, bc1qyz0jkn9x2caqjq3fpjv662r76eghlq5nasmzsn
0/1316/, bc1qk0k2d7grqw52q99wjkclfu87ve8ygxf7uchlqf
0/1317/, bc1qgqmatm25llptcll3q8angqpgcnqms46nm5mw00
0/1318/, bc1q8k02zhtpwe9lueea8h5a5y20udr6ncxfdmxkqj
0/1319/, bc1qhntnq3rktjalet9f5ruzvgd392du8tdwj52j95
0/1320/, bc1q2qnmmw7hg3m2xd9xr7hg25w7umjxyccdq90f3c
0/1321/, bc1qjhgpf09peg045egpppc24aut802emveuqfztvy
0/1322/, bc1q4rs627t8lut02jyzl96ctn3p5x52888svrlhpv
0/1323/, bc1qqjpch2wazrqnh8jmxwu5y0mdsjhrnzqek7fn7s
0/1324/, bc1qkvxw78jgv9uvvr0f08hzxthmjkeru6y8tjt46u
0/1325/, bc1qne033mc9ecf2gjur582f6pm2e94xkq779yxqxa
0/1326/, bc1quz3vrkxpjh655gqeady0ehrrrvdfpugu9w332z
0/1327/, bc1q78xlgdnpy8xpj8j3fx8jkeyv2jsq38r0t7dqa0
0/1328/, bc1qutnt6q4gmes5qfncl6m29436wgyw58gl3tdcur
0/1329/, bc1qpva350qdv9pdweqksqfgfzdj3marhuqa7j5uty
0/1330/, bc1qcjw6mj54q40tvdxs3svwspedq3enplzrvqwsq0
0/1331/, bc1qx2khfu43tumpe4wcs5feyz92uq2agpjwrgp0z6
0/1332/, bc1q627e86jah4wha442cdrvkss39f2ncsunql8a8l
0/1333/, bc1qx8mxpa5a8k5av00dgy9nth94wdzs2sm8tlm2mv
0/1334/, bc1qaw7a675m4rq7ft8aekvq23c34kh3mr7ume5nls
0/1335/, bc1q9tmqcd6fufkyx3kdamk79fuxzw4n3kmjvd0v6j
0/1336/, bc1qdgnf6zsf3xutvjqnh0rj3uhyuyj7tks4d6qlzr
0/1337/, bc1qtk8qdfj3kcqhrapspl4hwz20ensxhx56qyv38l
0/1338/, bc1qae3mz7x9w9l2mp45fuavy6z44d0yt959ycgv9n
0/1339/, bc1q6vsp6jllgrz45034dfg8wcj9khl4mg603q35rz
0/1340/, bc1qruh3pflgcf8p3yx42d45zuzf9rh8nea0enhjnx
0/1341/, bc1q89uttcp4pc3qthggs20y9m2k3gds63ya3l2fg7
0/1342/, bc1qdmfdd42gplv0jeg6qmtnztxq7e544tyxq8u4ue
0/1343/, bc1qc2r5j8qnrrvefvdxfkjd9vnfjhzh29568h35pu
0/1344/, bc1qz8ts4hur7trpgzs2zat68mwdduxzueay55ssxj
0/1345/, bc1qwmjpvkpd8j8ypezktccu9cev4v9vzdduytlkke
0/1346/, bc1q0ryx9c4lf9282u0f7yqstx32mat7xduf6ffx83
0/1347/, bc1qg4nudlztprc52p9tu9ep2djwtfm9vccjfx8xcq
0/1348/, bc1q77tkzue5r2xk8h3g5padw02eqh3397ca7rs8mv
0/1349/, bc1qk93drxnre7uz94ytphtm9zv2fhyx6hckz4zs6y
0/1350/, bc1qxlm3c9ywz9khahas3m3nqudqm7djlpu3tcau5q
0/1351/, bc1qrurekp2ehawmu6645xt70j9tejl0sxdz3zphze
0/1352/, bc1q242lqd2z7357u5q8l6j06rpgjhrlryh63ln0qs
0/1353/, bc1qfm4nak0uxwypj97m00dx4xlll373tdh5nznc68
0/1354/, bc1qgeml2666dd64qy06vgxav7nnajmgdadlunh02z
0/1355/, bc1qntzwxmnc9p9374rsgw457sndjzhskhq3wksxjp
0/1356/, bc1q8l6er4wjl6lkhrdttr3xjytwszht874k8rc520
0/1357/, bc1qkl4j7hrxm5xxdz9v2e4tsaggz7lzacksgs33wh
0/1358/, bc1q6scn0lxu3l95u8vjzz8und8ugjq63sp0j690dp
0/1359/, bc1qtzm3truvxdjmt6935t03s8dmm8c6df86j694cn
0/1360/, bc1q6hjj3kszjaacewg08kktuaar3gtg93vue6z8l4
0/1361/, bc1qe2pzz97883uvhnkgxuqmsm0sfy0quatqs50ge7
0/1362/, bc1q9du74guw630lwrklh9hjt0euszpmhwupkdf9vq
0/1363/, bc1qt0qfjvdc53zte3wu8m5qj5sh2awxu55qqhs9ts
0/1364/, bc1qpzxe0n68qp26ul95cjvhypk2aplctg3a8pg7kt
0/1365/, bc1qm75slv28jkd7sm3u6u44tzdayhecca4w36g5x5
0/1366/, bc1q8vze6zy2smuq7e2u63v7a7qhpqqyfs7v29maf2
0/1367/, bc1qdz08xy6yjuvwenszt834wz5sfhfphur3ceafks
0/1368/, bc1qy7hnjnxtlmr6q8vtn4evcwv3etfv8yn4lgrxht
0/1369/, bc1qvvhd8txz4cpu5ml5gt2m36yul75nn08csvevhp
0/1370/, bc1qksgusykqr2pp3kx0u8h2rzhfzdl89qg6f7jd97
0/1371/, bc1qh4rd4rk7t6purxcczd30htevds27a62u9g75ft
0/1372/, bc1qxjunlk6z7kd2jmsq6sevuxhaw42e9jt9y96u4k
0/1373/, bc1ql2ag4jqjr25y6zdxtgfyq8vs42cprw2v45zthd
0/1374/, bc1qa9lhzxap53hg8fmzr9eupl4paz7s5mywahjjhk
0/1375/, bc1qs332gccxrc0yc9rep60ry4668ym466c8837jq4
0/1376/, bc1qc2lfpyfxgn0ldnp7wkyncn0a30ehp7ypapp283
0/1377/, bc1qyxqtj4qyfdr2s736stk9hkpq7x7latwe9yjrdm
0/1378/, bc1qcdgrmyrarvq79r2dzr6ew3eg3u5zwd2gvm9ay2
0/1379/, bc1qz0m59drnjcttpgvaz377vu0kn0xsq9szu9jupy
0/1380/, bc1q2fwfvtdr0md8t24e45c2a33vu4kqwp8uct8xfr
0/1381/, bc1q7ye28vza4rpe7sag8vn0vq0xc5ddprka58x552
0/1382/, bc1qeqel23mgh7xlsz9ywxgha93mswrd99zfgjk3ed
0/1383/, bc1q7l2l8edlu0cu225dpsk8qctl4qehuuv0zgrjv8
0/1384/, bc1qeszj4regpklq36kqf9dgu2swpuu8h0qjj8tnam
0/1385/, bc1q5gnra9es94u43my6khj6r22xj7908q7j6tmn5w
0/1386/, bc1qfy0c7dkpazy3knp8ep008vf0wpxrgaryet9uc5
0/1387/, bc1qxslpwf6hxe6v088suedt0qg78xu60ewgwwq6pz
0/1388/, bc1qs037rm4ae9sq34g6jsg0f49s8q8vsednq6pzxy
0/1389/, bc1q7c5hy855e3hrzzsny4vet730gjzr22lv4j26kz
0/1390/, bc1q2rq39zsc088hu35fsh62c88dvk4g0md2n4caat
0/1391/, bc1qtxau3pxmzfzjkkadj69vk05n3ngqwt2d6gs39a
0/1392/, bc1qtf9ke2v8cl4288kd0teanuusgjtwyuretsvw8s
0/1393/, bc1qr8c5f84exp4sl5dkcq7e0pcyv0wrrl4q7datxa
0/1394/, bc1qltu9g595v8kv8tg67cczejcws96dc2jl7shnkp
0/1395/, bc1q4my7prf4hmzg8mp69cyfawdl2n0065j5tjttpg
0/1396/, bc1qxjx5et95j633v3rq7zanpyyrfmyhzs0fs46jk4
0/1397/, bc1qdq8rpen4zqk2ypgq5u8q3n0wf5rv2rarj23vtj
0/1398/, bc1qqma2xzwen3mx408sq4wya2gsjqmg0apfrk68va
0/1399/, bc1q732843nzyrjqh5v0f9z03w8zy9dd3p49rejfle
0/1400/, bc1qec8eup5f9dap8qhvd5wfkah0ug3lzct6sl06k4
0/1401/, bc1q6sqqquh8cktp7ss2f6yngph3slmge5pm7mu9ph
0/1402/, bc1qugdsyq2ekgx044djrvmalm4wgkffeaalhawk83
0/1403/, bc1qksjlggd46ztcgva85uuhh992k2cv2hvrt4y6k2
0/1404/, bc1q4mjjuvvfq2em9hez8apt3h7az2n72264hdka5t
0/1405/, bc1q5c94xgs64k0znmyh4kmvgkzh9xrel68e9eu57m
0/1406/, bc1q8gg0gcn7xfpav47u4dyhtrjv49dvaf407nue42
0/1407/, bc1q0vuq6f33gnph4pfvutrk8u2kpjcqplyeu7yxk5
0/1408/, bc1qk3rd47gzmnxtur2s8mumctg6fhu2qpsu2vf4mv
0/1409/, bc1qpntd5hz8ek2qa6nhca7fdld34zhct6km6tcs86
0/1410/, bc1qhscgr95u9xqs856xuqcfs4lp2nykta4acsje8z
0/1411/, bc1quxu5s5qqjf6x9gqh5mhrapjaqlrnuqsnst7he7
0/1412/, bc1qamhjmwg0qhtjldjfm8xcemaxpaff82raygvc6e
0/1413/, bc1q9fgrkhlws2nfu88cv9jh0y3lw8hmj4rcrz3zlh
0/1414/, bc1q3mqcza6wqdcf5yz2qp3kp9ekpxcjjxkf2k6vx2
0/1415/, bc1q5sh8kcdepx9284ys885q2sd9qqvc2dx94chqxv
0/1416/, bc1qprdeq8vpjrsazxvz7ycpj36fhcr67rq5vzl78t
0/1417/, bc1qjwrthry98np3d4xn4u3ecffepgvjjtj6at8ts2
0/1418/, bc1q42pv3r7hd2rz6jst22vk6lr69y7fyt0mgj873j
0/1419/, bc1qy4ylmc9mqs8r62llud0ukdl8f60chsy0h3hfkw
0/1420/, bc1qzhe6c2rm0l8fd2qudk4twr29nk97rsa28nzyjf
0/1421/, bc1qm08kzqmryxlf5n73a964j23jtswuaxs8ld49cr
0/1422/, bc1q5fj6xttagjgtw8c42rlxngsmg5clj4j09zn5t8
0/1423/, bc1qnxwng7p0yfr7l5mm3ltr4zp74ffk8pwuk44c3d
0/1424/, bc1q7a0x35q3w2c35pam84g73aj0aqxsmft7p4qpp0
0/1425/, bc1qta2d9c3eant2a9vwqv2xqt8jagfcy3a0uqz5xh
0/1426/, bc1qqgtphwa59a89lnfakxe45kfakycfpdqfyf42fv
0/1427/, bc1qm9220rp07p45yj8kgqldu0cv0a0kf2mgf358ry
0/1428/, bc1qa65ptqy83up9nkjw83vl06wfnzksg6h9a8m27y
0/1429/, bc1qn0u508e6gz66qmsg55f54ht7pzgjxwhyvf47el
0/1430/, bc1qqgftk200vpn0gqnq3qc5aptvusfvf59tyknjua
0/1431/, bc1qwts2ggzr9sxa87l5wdcwuay4wvzkx67gymnzdz
0/1432/, bc1qt3km58cpm2mjzd8gthz9alkrys5c6v6h2ceuh5
0/1433/, bc1qnacvl3anl9h6gvjejajp5ed82szjcls3zwnn5j
0/1434/, bc1q29u6vduh50967f39k4ayar75wp82ja49lqn72t
0/1435/, bc1qzfv8c9czqmkq5v4eael8ghvrmd8rt6pxnqj6zc
0/1436/, bc1q7zznczjws8gg9f8kykjgkkudajrk5pr6ym90j9
0/1437/, bc1qfzh0vh64k74hyw0zamg5l5spal3yq3h4g2qwqs
0/1438/, bc1qd5pqdgjew0ksaej5eq9dhhylrh2xs0j9lh50n7
0/1439/, bc1q34m8dh3c3pdlu778lvhqmp37408khkme3qycgd
0/1440/, bc1q8e8felmh9e8znjmzk80x2rdtzfm4ynps2l02mh
0/1441/, bc1qmndz4y95rfnvl6yz4f455dd2dctyqt3m8ya79m
0/1442/, bc1qfrvqu3z0f3y62mklegs350arj5s39xq4t7fyld
0/1443/, bc1qdyqev2dyt40078ey2vk02dd65z74rnp4s8w2pu
0/1444/, bc1q0hpgeldmf4d2lh6jslkhrct2d0mwrulja5uuhl
0/1445/, bc1qlflpaudqcr8egd63u9k6642tljlfvnf3vym8a0
0/1446/, bc1qqdrctljmzk34enc60v6hkj647t3dp3gz4p4vy6
0/1447/, bc1qpzxmdh5xw7s0wgnmk286mp030xl6wp423ym5n8
0/1448/, bc1q28hhvpz63rpnmya80u9543fxsp7xcmg4c7avxp
0/1449/, bc1qs2axdaw6pf2wrs9chugg9c8ue02p39p6vmm7zh
0/1450/, bc1q3z8ssk8ye2lv7fywe8u3z4z7cuwts5cpx77hc6
0/1451/, bc1q8qgnnyxh0fv0j5lnne352kmydxh6klf7ud6wt5
0/1452/, bc1q4wm7suqcz7vmsv302970lapyham06r2ta5cst8
0/1453/, bc1qej60w3auwc28zay454w8d9dxvehlvj70kfj6y7
0/1454/, bc1q835cdqdm3gtg5f3gv6rts0ly0rmfm82y6zey5p
0/1455/, bc1qm24yrj7quh2dwdfzgznj67l8ewksqx5ef6qn5u
0/1456/, bc1qjls950vuz84v2pjwgzreewfwtmal6gk2rs5hy2
0/1457/, bc1qc2arxz6mfn0nvu94glkk4pl5h620p2yf7w6r6u
0/1458/, bc1q8t7r6jxnq6dreqzm20m2vk6jeu7hwnw7d3rsvy
0/1459/, bc1qw79v49agpswvfg3zckv2jk87a8un67tdlkje7y
0/1460/, bc1qnfg36s7aftzp0j3d6ng8evn53ah6ltkpsvqc5m
0/1461/, bc1quy0n3g4n6hxklnwgnf8sqnsadlfj5k4yqm55kw
0/1462/, bc1qesc3lg3gsa7eq23u2wp3l6a3c3sew89rgdf7a6
0/1463/, bc1qahxw2ma7j9uxzk0c6z566qdmfuydkpq3z33wmv
0/1464/, bc1qmkkqxw9t3ccvc4yae4tgrgh4ze5k3xyl4eg52p
0/1465/, bc1q6zw606ukan3zg275kam6q78prehrfacnpmvlwz
0/1466/, bc1q7n8tj7pm4p9p6urlr4u4hchayf7ga355sqzpa7
0/1467/, bc1q4utp780gt5tautnce4wd7q3qv8xfxj7zacgc4j
0/1468/, bc1qc05ukmj3pn6m5jv5dxlxjdwlya0q7wygqrqaca
0/1469/, bc1q3ndmkpqr48nrnajp8p7ypknp80ka0ezl20qktk
0/1470/, bc1qjsd0qjqe0j907wrtrgpf7qalz3j6g982awa6xl
0/1471/, bc1qy8rmvfv5lc2yyuturyyyqc67wtqczdp3jkg9s4
0/1472/, bc1qzl9tc7227zc27qs3y7m47ghd8as7psk42cgax4
0/1473/, bc1ql0zgdhuts50zxrhdjgkyh3exzf0rskywpk37km
0/1474/, bc1qqsgvrhkj8g9hccx4r0ljz0dyq6zaje53hs8cjf
0/1475/, bc1qhk3luu5kh0f7rtjz34m3mmk8f4qcd275sccxmf
0/1476/, bc1qzedcft849qkgxfw9hdr0tdjpyja30apux4fw0d
0/1477/, bc1qv38fy3yh43w9v48medj4s6p0cnndjt35pkjtqv
0/1478/, bc1q9687cev963lnp3sa66wursjvx0prpgs9wp5vfj
0/1479/, bc1qhyhdedd3df9jdspu2rslsl2y6w89ar6msrthth
0/1480/, bc1qcntamnddkv28s9lzpeq78xl33f2cgwp9tt9l6c
0/1481/, bc1q6gmp9c0kkwgzhrq2zjnyc0weygj7mua9hras56
0/1482/, bc1qa9wcgfzxh3csaunq5u5v0ksdmd70axdtcyyvjq
0/1483/, bc1q76smh8l327anuwnaezj8rmlutcm556lwysuwft
0/1484/, bc1q62emuwcswruyt8rt4dejxl55y2p7zppnfy89pu
0/1485/, bc1q467m47eshskhqcm8xezl93hh8ft40z5plswrqt
0/1486/, bc1qlpaw6tnvturl94q7feg7r26zqf5pvpw6nfqmre
0/1487/, bc1qzvumchdzf7928akqzy5ttfvx0ggf03wudm4nt8
0/1488/, bc1q2kjxpydf4xszz0rdewxuk6ufpstpnc233e3w5h
0/1489/, bc1qayc8fv7mfafgym70u6cfsx6gkcp524ucuerl6z
0/1490/, bc1qfw2sru6murjt7yd6nqy8fmxg7lnm47dm8y0wg7
0/1491/, bc1q53jqc265gwfrd5x5nmcxdurx4yf6z6u8ffucxu
0/1492/, bc1q4tlua2y0qkdc2q44lp9ms3zufqzthep43pvtp3
0/1493/, bc1q7ggkjj5e7sxjmgr0mmq5yvtyul7w2jzsl7md4a
0/1494/, bc1q7ak88vmh25yyy92q54r5e7frvzluanlw2svz6y
0/1495/, bc1q6rdssp9uyul5pwcgws9926f8jq4dj8epmrlwyq
0/1496/, bc1qz8dm2hhlypul4ffd70dz7slev60xzjtf96k8s9
0/1497/, bc1qs7nx0fh3j8nulpt3g97f5yjfd95yxlen5fdjs5
0/1498/, bc1qjl9qr4cmfnyt45pta9kn3huhjskzgpv5c3ztfc
0/1499/, bc1q6scuzdkwkgykr9p88s5rnt9tl9u02y7vlqyqpu
0/1500/, bc1qcf3tlk75gv83l2ku8agghn2vfdu4m6vnkfhkvk
0/1501/, bc1q0na05cqs2hp5ze222n9ccx6g45pqr6u347zcju
0/1502/, bc1qa3lwkvu5vzsnsr2jgts00xmhryrpz80t6wlymr
0/1503/, bc1q9lprjrhw5p5zf3ggzc8nmt2skke4tj6tgq060g
0/1504/, bc1q96m235cnnc94gqz2dj8gm49w80rweydfz26mea
0/1505/, bc1qvf8jljngy6nnu9ewt8xa5cvzjhpn3cd2d5359l
0/1506/, bc1qmqkjp5z7yuaccsh9qs3fzjdn6kw7t4nvmwdmef
0/1507/, bc1ql0v23dxyc8tzqy9cmjtywft3ce5l73kzkr84r2
0/1508/, bc1qlczpkqce2tcwwz83v8ytkm3kaxpv3p7s2pytmn
0/1509/, bc1qctvk2l66p5pgwwy9836rruudw8yfxtunsvwxyn
0/1510/, bc1qz497v8sfs0j3mg87tsl4yfs57ehgc9htdaeaft
0/1511/, bc1qeclv26f9x8faudqrufcnypuvm0rztmlw45g3t9
0/1512/, bc1qh455v24ssy0x75lhaf8456hxe0szatxq67mur5
0/1513/, bc1q32x7np87nd7uyyc7h88zdj0dhdam0m4ksvmc0w
0/1514/, bc1qv0w0d9espftcwk4cyp68mau7rehj728lpgvws6
0/1515/, bc1qcxtva7pqa4v9r3z6ehzsn7ds0j6kq45vkaleta
0/1516/, bc1qjs473mnafc8sr79lrf4swltfn83gwn2xz7u6qt
0/1517/, bc1q3xxhr2sm9kgwwh0ug87vxu3an7q9txyjqdcr3f
0/1518/, bc1qdn49m7zkjngjk0hknu4465zq64amvn3xah5x3d
0/1519/, bc1qxtz7t9alkq9acmcr0gphhnu72w4rd8qltkg4pg
0/1520/, bc1qdjuqncazwjapwnyjjpn5cj7rxqahd75vmndc4t
0/1521/, bc1qctpzgddlujk5u64pmummzhl28uc9kqd8z752ex
0/1522/, bc1qve4kcur2c938p43v4v6q7fwvafwuw8zw74wt6v
0/1523/, bc1q9ucyvm0c84583mxjkg4ddkawx39h9sfmz5gmu4
0/1524/, bc1q2lmdcexddrjstk2vgh3vmk2ypajpg5n9ps2qhq
0/1525/, bc1qn2khw60q2kdjem9alaze73rz6y28sul3pajxw4
0/1526/, bc1qyygd4mrcwchefgc7ydn648n356hzvwpy5fhy0k
0/1527/, bc1q8kugl83sp0vaphrdkvqaz9g95ugn7w5ftx7xsj
0/1528/, bc1q5q5muqgk4dvx9e45s4lu80lv9vgcmwtw953xlu
0/1529/, bc1qar3epqqy7uwt533435458ky44hgnn38l76wmuh
0/1530/, bc1qgs7dqamm59czgwccq2aj2wpq6rsvg5rlmw5hr8
0/1531/, bc1qh73srxzcr4rtj7pm0sgl67mmjj5umcjhflzefs
0/1532/, bc1qfp7tzkhra5fzw66u89xdstycqeea6txztpfs77
0/1533/, bc1qnlkujwmv0mlyup8sf30lhssxqgvxgf592eqkgy
0/1534/, bc1q06xqwxnmh2lktkwak8w8wedmdcyxp3l85qk9nw
0/1535/, bc1q8k403awqcyjkjlaz066cqmcrctcqgmntenzj8a
0/1536/, bc1qx45t00cf5exd7qk0f7cwfxtemlxw7unanqmt53
0/1537/, bc1qe8ackh97h6ywsy5vtk7hv6p0wf8kndul59qhyz
0/1538/, bc1qy399eshyz3prwmxsf04u46795dy757hrq8c9f8
0/1539/, bc1qu7f3zxyav4ej7rg53vkugsez700lhj3dkrzjc0
0/1540/, bc1qutx632kgc6ydrg0zugxgd2gp9pcakmg3kuzute
0/1541/, bc1qypqe2ehu80svq63ke030eys76wxdnyztxrssxl
0/1542/, bc1qqwv6jgdfyl9e7zr6z4crf04fqele95hax8qry4
0/1543/, bc1qt9shu9zhvyecq58h5yxdcgea2ldc69ry3ma3yf
0/1544/, bc1qc3n657tm08939whruy0y27ydledtrhgece80vz
0/1545/, bc1q4wr8e6kvrtarj0krm6lkul9qp9mayuvvv4u3tz
0/1546/, bc1qr34rpk7q92g3kkuhsed3q320tj2rhm9zgjj5qk
0/1547/, bc1qh3k7rc38s3waq42qnyca0yupx55t9u2mjztx4s
0/1548/, bc1qvzlnf7geetf8vdhvwgnahkltw7qh0zl9jcxg6d
0/1549/, bc1qn9ww3a59u5aqv2kx7jepjqyjthn25vwecn2wld
0/1550/, bc1q0ge9f2t5ctqqs688gy09c2xwlcsa4nffk70apg
0/1551/, bc1q25htac25wpl3a404ukydfhvnh6ssrgu54ut5r2
0/1552/, bc1qquruq2e03kdg8dnhfgp63svlpxs3ypkql0s6sf
0/1553/, bc1qe93dazgzmfm54hpkp2uflpg9c9d33nvp2fyz50
0/1554/, bc1qgtupdznlcskunv45w8uhzqk5nkr0enugacg582
0/1555/, bc1qpllsmcmtvp002ederh9texyv3qlkl0grpg0zq2
0/1556/, bc1qkl289skgra6dkvzu3a6k6t67ltx7j30uay6tz7
0/1557/, bc1qc2uvzlu2ru2gm78xks7uey8chxf397m5a6pu3p
0/1558/, bc1qfcl5lr6peexwcdygdd9a0yqsg595278wyl9nhf
0/1559/, bc1qgyqfcj5ku99ervjlx09ffehxy889d8ysavrf8a
0/1560/, bc1ql6twfqtv3nmmg7k8833ytagj4ehf8gtkhmgxph
0/1561/, bc1q09swjjnca928uw5ldnndc7qf04mnwtdetyh0ps
0/1562/, bc1qfq50ynxnkwa52d8ugsmpmm2wt2e5zeqj455sma
0/1563/, bc1q4jsqf4y3jmu27tcy6x206evunuyge308hm9k45
0/1564/, bc1qa8awg9j4lllt4j7dcjj7ygqst9neusqe0y6pv4
0/1565/, bc1qu0dwnzunfncfshgje0c0dp9ztfw47y8nwk6c3m
0/1566/, bc1qwvtxmx3szfkk23tda6wujawzu723k2f33wxv44
0/1567/, bc1q34hsv9c59sukmjcrue2rf3hqlyvdp2qzw4pe40
0/1568/, bc1q3jy7khtrs24l5zpg52h0rc2dpu9gy8ct22kvvh
0/1569/, bc1qhs8yh7uj9ywy9zn5ara44a8pzrp0lwlmw4ktpy
0/1570/, bc1qqzk30eeam33g0t6smah6830lz9nwtp7jskpnt6
0/1571/, bc1qqk0x8vuq4gzhqpf74xc6qu4c4fpa20hvlsxn7t
0/1572/, bc1qtes2asu5d8zj80grex8x25rr932lnx37qcx28e
0/1573/, bc1qntgujmm3u0rcx04wc27xahxyww6aacd0uautnc
0/1574/, bc1qv035w80arskc9dqeskvuxv2kt6vj7gfghvamqx
0/1575/, bc1qfv3fsk8u9wuhxfpv849e22h947vvny8t2dxeks
0/1576/, bc1qj0g7997y5udeuntgqt0v9yesgrpdsjwecqlr3k
0/1577/, bc1q3w3t8avvz2ep8katenl8kzhnfwd2lfu8jpk49q
0/1578/, bc1qvllmsdxdfa34pnjn40gkc845dxemf76k0g29qk
0/1579/, bc1qyqs8zkptvmewxpls4kgvj6dksl3gz9kjmqpr7v
0/1580/, bc1q7jyzcjd8e3rxsvajyhsldnnup7248sjfw8wzzf
0/1581/, bc1qhfys3zqqupdvjtm4luk3ghh7vwuwuchxw7da9n
0/1582/, bc1qs0p2lf7z3y0y5xh37wzdfcsdpuwe98gs56a9e6
0/1583/, bc1qxz4qekytyht6tsguww3venumqkprp5hgul50qs
0/1584/, bc1q339psqgxhaj0sgexeapm2wyck5ajlt77dlwk80
0/1585/, bc1q50vnxhmpnwg6tu805fd52ac6md23q6y6dxdj8t
0/1586/, bc1qdq8l7ptnse5rmrw4pc5r6tvxtzmfeqk29qanze
0/1587/, bc1qm0lg84xdxh3y38q4qnqte453v7gd8fd8ft4fau
0/1588/, bc1q50ve57keksyz6m5tfrv84f3uhh9f28mdkdd4zm
0/1589/, bc1qr0mkhxxcc6enljgsga3a2khefwmlefueaf8yqx
0/1590/, bc1qxczcacxukr5pna3whcmczkrfxdq7e9vz0557f2
0/1591/, bc1q637r3z8uqa7kd5u02ahsn8lyrtmvu8vlqclguf
0/1592/, bc1qq5jhcmp096u82mdvusx7pmy6cth3e4wfgj8kkn
0/1593/, bc1qlxlw3wgedxeen84pwymqy7u7ysmaxnfs9l5ne2
0/1594/, bc1qd6adwldzh3e5klahehmd32v5znr62cevkdhq55
0/1595/, bc1q52gfg7zp2vp5ajd6c5frjep7m70cldauzcphjl
0/1596/, bc1qx8p5kq44twcll528g9h7vddfd9xl7anka3yqhy
0/1597/, bc1q6t9h6cjxcp86ntql67zq0yyaxxxx946l3kupd3
0/1598/, bc1qa7vn96c5atq9l0urr6nddfmr0eye00jw8x2k56
0/1599/, bc1qwa0z84rtx50pmprlq2aagx3waa2danlwjargys
0/1600/, bc1qa3hdtmrn8u6lq2xl9yxgvu7lw4n0l8s8l4a85d
0/1601/, bc1qz5z05fyf5nsgtjprlpesmjy2r7asas25runxnv
0/1602/, bc1qyxh7et7k08vw3tz46uxyg52tdhavnfras44zy4
0/1603/, bc1qzkex4xlk3tdhnhmncruxqpp9ykasutlrlfr5q6
0/1604/, bc1qz7ajx78cykt653txuu6323k7s47qm7mdrpjqv2
0/1605/, bc1qsy0pww050kj7r03us20ltlqsxdjuknra5d4nfx
0/1606/, bc1qajz2a40u2kr3sjtctraqagd3ppxf3py58psvvd
0/1607/, bc1qwwex2m3rq487xd472adxntwnut7nh0q46amnj3
0/1608/, bc1qyfprssnq42pk3tzaj7gsnuuwytce5fnxakcnls
0/1609/, bc1qeg5qxj84gck7c3vnnhz9w79fwwd8tfpdxd3nly
0/1610/, bc1qrlsyl89j5zac0lmr9pszwfwezswuavmwpuzdrx
0/1611/, bc1q4nf3u8fqg0867evttd2cgaesvheg6587mc2448
0/1612/, bc1qgmcnxuwmzyvrfadqqehf9gs247hjylta8m7q24
0/1613/, bc1q2ska5shyjru34xxhrgearckgyffuyl9algvhep
0/1614/, bc1qpa6w8p4kwlq3hy8j3e9w5kp2r5yfvmmyvy36nh
0/1615/, bc1qwcuxc6f2k7hhenh0900vdqajgmdjpqashahajm
0/1616/, bc1qswfchrde03u6d6gpr3amzas5kmwql4eflm0ecq
0/1617/, bc1qp5pztwd3ejch2ze0sxz6qsnnv0ns4gmnemgypy
0/1618/, bc1qv5tpm960kywn6dm4ux0e2nq6jmwalcrz5570gq
0/1619/, bc1qasklmsa4zmvyw3h6xla8k8ee7sfse99lfjdy23
0/1620/, bc1qjghs0rp06rjysgup77r7fek7raft4qrd7u7zj5
0/1621/, bc1q5u25uv7wv0zr0vnkcsvvqr9zad7mvu2jzjj8t3
0/1622/, bc1qdv7efg3fvfqk3pth8504dmuwju4z2exqghpemj
0/1623/, bc1q3akx9r9fn3d5070hm63u5krelpgmksx4302ptu
0/1624/, bc1qz255uxedkyvx56gtyztur9ssryzm9d5dsdmdur
0/1625/, bc1qrwfv4z27mrf8mk2z8y2n2asldaxcrr0c6xav5c
0/1626/, bc1qpsz0m0fj5un7y6ewkjw909jmlv37a9fkwu0y75
0/1627/, bc1qxju9t6mrr3yyfpfs3r6zcw4qv3r758zwcn68c5
0/1628/, bc1qxjl0y88n5xxjpfpjaa259ez99jz25lxfande62
0/1629/, bc1qnjy2yg85zm3ms5w48e8atmhzv86knucewetu90
0/1630/, bc1q53p9hw4auhgvmy4pgvhw4sp7jz4mpztf2t5tgt
0/1631/, bc1qztu5asxphwh2zgkjeqp6q85cxsgau30qvk237g
0/1632/, bc1q9nqz53dpacdxz7y6n37ehlc6659v2j8zlxu98r
0/1633/, bc1q3qg8u2w66rh29hxmqujl2nakyxh25udn8wmusm
0/1634/, bc1qwf7q9w89nz684nt65ux7lrv9a5mrznk74wp0z5
0/1635/, bc1q9sudwrjar82uzz66z0xlc9hqfx9d372z90ac9j
0/1636/, bc1q97fssvsqgnk2h55r6qt0tyywkx2j22fd8urj6r
0/1637/, bc1qnllf6fsktys7kykspzamdq72l0zsxt9mjedqxk
0/1638/, bc1qy3qfwtpmjh9jx7dw3y7cmfygzgquckv45p7asm
0/1639/, bc1qpfze3r0mpukv3w7v97cnueu0gw6swl203cwlf2
0/1640/, bc1q95dq93y79jmtzu94xczl2262xxy5476ewy6yn6
0/1641/, bc1qlh97xe7rvpk0sqvw974ujfz6u307k9k95h3fcf
0/1642/, bc1qy8nzzy50gu45c00khft7lcw8a33dgtt7qm69xc
0/1643/, bc1qe5sxg6njknh7anuym2a2rh823ea8mf2a949h2j
0/1644/, bc1q4szsm0w9a3v7x3jh47r8rvjs4ca3q6pekxm86r
0/1645/, bc1q4vxn508kvzwn8zmsmllgskyw7n4xuepdf7j5nw
0/1646/, bc1qwys029llwmekjlrcshrcmy4qfujnxy88kjrjr2
0/1647/, bc1q5lv776w5q7csn962futau6mkyrmjllmjuu5y6q
0/1648/, bc1qaxzvlltqp68slgnjpt89kkj36957gs55nvqwjs
0/1649/, bc1qy7tdm4e85990czm5hs5plt4e9scgzhlf2dqsny
0/1650/, bc1q50e8qcwh5mg79rdcxcrfa6fpaymu3hhjr9ccx0
0/1651/, bc1qdeqvhvvdlxgx095q8epzdv4xfr7vltjdh5k4dq
0/1652/, bc1qs7v2k079nrkcuamckv2v8vfy5jqglx866u7tff
0/1653/, bc1qt7n0t3cwf5wng66sg9rdfe4slgxcrganxkhujl
0/1654/, bc1qehsn20fpxgdzzs69l2hw8669tt25dm984pddhj
0/1655/, bc1qfvvd949dx23fuutsltfv2s2d29lk4q3r39t2n2
0/1656/, bc1qzgealw2q7um3853a5s66j5kll4r6v3vesacct2
0/1657/, bc1qv73jdle52wp537wh6qjthecasatpecjpdhnu9y
0/1658/, bc1qmatcfhykenkz2ec5r94ztetpzsvjyjz983lxmf
0/1659/, bc1qpe0kwa458kuucuy87v7su6c80ed2m52hjj7exr
0/1660/, bc1qwthduu3pjmquz6mdn79q3gewk0xc4euy0tsjr7
0/1661/, bc1qsvjc07u8f64euequ3na7jl4etqxzfpda6ycekm
0/1662/, bc1qp5eu0zx0v4vs5rdzpewrkxaqytd5kmn7eend6s
0/1663/, bc1qft9pkdx9lfpqqgsd0gyv6he5jtmhfswat3k7ty
0/1664/, bc1qmagewehd9fh6teeczv83nlzzm9g24q38h3f3m6
0/1665/, bc1q0u4v6ur27vx8et9v0kk7p787ypu833sveuqqyd
0/1666/, bc1qsgc3l5de24vuyctqeu4s7q3j97gj9352rfvj55
0/1667/, bc1qrsj7sm8lnu6n990efchwe920lr5q2979vdyk7a
0/1668/, bc1qpjtrje5lf3wfaz7jmju8c540kwc9unhy8wcjyz
0/1669/, bc1qgm2d496g3pyn3qhe58tgez9vzzcv2qr8w37jwm
0/1670/, bc1qhf6ykjfd99ddehtd6s8vdsx94904mes8n7xz87
0/1671/, bc1q0vva46xzj47gmu4asjhsfhvw6mw4euwxgl50l8
0/1672/, bc1qux2459lkqlxj82nky0nt7f9pdh2r5q2rfd7qp2
0/1673/, bc1qkmejryjmc5afjr9qa4ce7av7azy25n7hyrgemu
0/1674/, bc1q3kdy9qdevpchh2p9vuwd728fkca60eau0pdgp5
0/1675/, bc1q68jpf20kwdxnn8hctfmx4233ug996hzyfcus5j
0/1676/, bc1qx00p74qsnhcwqjr0pln5t2j2wl8qlmss4p8lth
0/1677/, bc1q59qna2hfyuxtym0fl80qwp6lhd7ch7xzadkxlt
0/1678/, bc1q0d5qned7zk2lzew3000sxql4hr5uz2fzsquhxc
0/1679/, bc1qrrlufh5xlyy4jsr3mru545mrmzlq2w3u09r0ya
0/1680/, bc1qwg33ntrusctemu2c3upyktldm8f6qh5meatqte
0/1681/, bc1q8e0tucca90gapqdym2s2ahja7nhcmgep45lry9
0/1682/, bc1qlhh662mfx9uy4m777zr9z2y976kwg0tdlsu9tq
0/1683/, bc1qdc0nlpnahjlzgymjy3akgmskml0m2xc9kgwnte
0/1684/, bc1qhugfrxuzuxhx5gwqmy5pc9j02h7jea4w032wrc
0/1685/, bc1qd3nm3xwjccs6fut7rh86wytegafptpnwl5jq9t
0/1686/, bc1qpafwezutvykjay2dwsjl6pz0ju9st09sm62q3x
0/1687/, bc1qg2xh9gp538qk9v7k5fzvzq0p3ehd46m50s39h4
0/1688/, bc1qhudc3w9r7puk6ge48e60pa6pqlplkyyhzq8puk
0/1689/, bc1qt85zn8c72jzcmf9awvhwp0ccpyeaxrgcva65kd
0/1690/, bc1qa7hn4pdl33cfhh0x22uxhtacv06yl8lcut55aw
0/1691/, bc1qf99p3nuzsltupdrdgw9hzaej68k3ege2pd3frr
0/1692/, bc1q5wmcp28s9qy6fm63vp8kf9fdxrt202a5ekj0rd
0/1693/, bc1qzed44j34ppd5zh6vyac2w80vc4k46v3vaugcuu
0/1694/, bc1q8us2qgt5uh0rvc7te5fdld3dd6g39cj44erfdz
0/1695/, bc1qzjlynp3knv7v3j0w0jykydsma4prhtnuzs09uw
0/1696/, bc1q2tdyh00y6rjzcpdhh2hf5e98wfmy0m4j9ddhcz
0/1697/, bc1qwz9uut6u7nql8dj2lva6gm0frxd3ughjzyhsye
0/1698/, bc1qlps2a0hrpqpeu75h7mqxk48839vh3uzeav4ct3
0/1699/, bc1q6k25ut53cvmcqv58wmcra8u5fnt04zth9gesd4
0/1700/, bc1qpp409a2dgf9nzl9q3qzn0hse9dccw7jkz7cz7z
0/1701/, bc1q6sf2wgh9lww8s5a326mmz3tfjtkf9r9ecgg9c7
0/1702/, bc1qj6wyu023k6uty45454gme4dt90hs2zahnvnwwj
0/1703/, bc1q30qn2fh7d27pta789fy8u7dsc6t8x9vkrz6m9d
0/1704/, bc1qm89k753ahkr7453re3aske86uytjnwdyxhlpw9
0/1705/, bc1q5k9ap3heam866emh270ng04mghww07aer05t8m
0/1706/, bc1q8w8vwmg25glw6g5gp55l0wcyracqltsjekaq89
0/1707/, bc1qzs2nexgvh8xqxssscrjmpasgre9nmgp2jlrh9m
0/1708/, bc1qnk60plmtca2f7pgya27wa8rpxh7hyyfvl7e80j
0/1709/, bc1q0h3pz2k99mksx4sag7s8wfdeqmd9lq4seh473s
0/1710/, bc1q6htws5fk8pspvpv8ge9r8nvv7d5gprg4tm9ula
0/1711/, bc1qlumeamutk6wx2t7q5g3zcm6w6v0z283ndr80fx
0/1712/, bc1qmj7wahl9gn0sv5vaqtpfxu0uz32986wll2lyup
0/1713/, bc1qplqu0hwj63y2pmscye4r77nqvjzaxlpdl299pq
0/1714/, bc1q8n9fsltjdek34ah0a88lj2hdm9g9d37dvacnq0
0/1715/, bc1qdsdtp98l4p9n2xe5dflhp7z0264kk3tm6awg74
0/1716/, bc1qftq9qd3phdys9wht9ncwne874y6h5uannm9sdd
0/1717/, bc1qkdzuv4d86hef8xlnt536ycgk4tgwlmnrqg82cy
0/1718/, bc1q2x7wgufws0rg929cmtwf0tf5w85leqlfjy9n2a
0/1719/, bc1qghtllh876wvpavgsnpe9qcnmx5yaz69u0zhj0e
0/1720/, bc1qnk7xzgr02x98qw6qgkd3v9ckm04u8qwakv3756
0/1721/, bc1qf7vyz5psmusttsly2aayc7zjlqhjphm9928g48
0/1722/, bc1q9rnk92xmzh39gqsq9zt3gpc5n9k36yfpdg0wfq
0/1723/, bc1q32tadfn75kn2mj3d5030py5av9xjhn304n544z
0/1724/, bc1qf0njwa52ww0577usskp2vhy6h3pqnd62g648nl
0/1725/, bc1qenf79p4spza96qf2g67uy20zn9lpt5cftmc5ce
0/1726/, bc1qgvzacnf5rk4mxdw2wy2kha32q8stmelhvdlxlf
0/1727/, bc1qs89m70mp72fqh2tfgz24dewj3k0rsvnhsm2gs0
0/1728/, bc1qq8wqaewehfdthn8ruraeyd9gr6gjt06g8gjcv6
0/1729/, bc1qvjhgefdpe5squk0uxtdam89e5qfm88mc3n2wq6
0/1730/, bc1q8lfeqqhnyvxymphcywpdn4ft7ykvav2m54nqev
0/1731/, bc1qjeh77hfasjluq0u8tzagyqhg62x4jqfq0jhwyw
0/1732/, bc1qfreg3fk59x8mqmykt8f9l3ldy0rvlh8h3xsuj6
0/1733/, bc1q9fjqraaf0ryy63lxz3tne20ytkz50w4jfmx4pt
0/1734/, bc1qkeexrgv38s0gdyc4rlfkuc02e9e4qcuvaq8eh4
0/1735/, bc1qkgvngrjnwlu3ty2t09f4srn6hgyjjw2plwnt33
0/1736/, bc1qpk6m6ytcm078qmm8trrtudkaj2002td5cpk63u
0/1737/, bc1quyefe3vp5vk9neudf55ysr33v3dvvl3r5e8lwa
0/1738/, bc1q87cgdllc6w78379get5gg2nnj3cjgaqgfvzfa8
0/1739/, bc1qacf097t6ltngjcseqk653kju9xjtgxxan67gsf
0/1740/, bc1q4z5p8245vsrzfftu62h02lp0k98pzq8rydndrq
0/1741/, bc1qgly3hw68us6v6pjj847w5xhe96jp0x24lg8ecg
0/1742/, bc1qhqdtjfwdrr4ad8eeym55a8lna94ncar8a2j6k6
0/1743/, bc1qhw7czrjtshtgv0al0m2nnmy9snj0xd3gkgjs76
0/1744/, bc1q7a00kqc63nalmrqusu0hfa3vppcep0fne3ad0c
0/1745/, bc1qhme9fjtx9609fkx2zqpscuehsxpllfvcfmkype
0/1746/, bc1q2xchqmpwca5cuvdq55cke0xedvfczdsfqpmwh7
0/1747/, bc1qjwnaknqjlf6kyjn253wyt2c20w9cfahf7kvjee
0/1748/, bc1q2cfkjxt8y7q6dedsh8q6njkyyankflnyr06zwr
0/1749/, bc1q680c6nryh2ppgpurm70cr0x7wkdhghkylfkvdm
0/1750/, bc1q96ex6hqnjfy3mn4jtupf3v5ammjk64rwl9c7e6
0/1751/, bc1q6jnqzmdrsqke8afhxx0y3av6g6pxzwl2053rl8
0/1752/, bc1qldwa762dc2p96mevx3tglr2k9tv7m4sp3h2kq6
0/1753/, bc1qcxn6nqumu6c06ttkmchwdhsn2swv7tuce805fj
0/1754/, bc1qfgesg0wp628z2leulrjxne9jptqmx3q07z8mxn
0/1755/, bc1qjsmpp2jtzd2sw4p5fty7cfhcqaecqtkx92ehmk
0/1756/, bc1qxdq2kljkt7ecuwg475gzqrw9y2ungf2065pvty
0/1757/, bc1qw0lu00g8yytqurz5l54suljde4dfv4dzauxtfh
0/1758/, bc1q90434lphexnsxm2eah8fjws5t5fu0p2xag2wzz
0/1759/, bc1q30drhrh87cl402t8yrzuz6uwmattuf0lkgz60f
0/1760/, bc1qy7ktmfwju0tp4zz6sm9f5wn29lc84t8lmavtlc
0/1761/, bc1q6pf4fe885cvd6weex86l08fj3pfrsg7rhww5q5
0/1762/, bc1q4l5n6mks3te0x5q76n3l0dle8pv2x3ns9r703l
0/1763/, bc1qxwhm9qwdkx45644tvdsjjsyd65vxvwj0zyaal3
0/1764/, bc1qg85zhcct6u6dgczyn94heh4wnh8xnmrvgrq80r
0/1765/, bc1qerxf52zls8ch493392n74n554az6gdmvhnhdm2
0/1766/, bc1qdpxt8je3jwjc6dj0x4jaqs297hasy2q3m8lncg
0/1767/, bc1qgxdmy07f8sklvqnqgt5fwqclxy7k6v79v5366v
0/1768/, bc1q55yn3e27xj7qmvpgm3uwzg2qly7hm68k6pw5ph
0/1769/, bc1qarqjystkhd7z4y53dd0fdttlnqjdnjauafdew0
0/1770/, bc1q8pnyt3ttv0vdull89ztg9vzzj7gu3ytvkuyzca
0/1771/, bc1qesgz6rcxawpenm304kwxyhanpccjwcz3p625em
0/1772/, bc1q6ytwkukp5cx7qafughyfcmwv8wsdx64wjz6zfj
0/1773/, bc1q0w0c4svc03u9j2gj78q8wxwehqqvzr45sauuml
0/1774/, bc1q4j3x52awgyr0q5wt7z5xexcrdrwy6pa6jac0qf
0/1775/, bc1qftdev33lrfxanecyyhehazwtrgh58pu7yc4uc4
0/1776/, bc1qqzg5ywvhh20s4f0u2lxv3g4ve9fdl50glj8vpl
0/1777/, bc1qp3jy44544rqphnr8hylm3k6v56c0sa6cmfckje
0/1778/, bc1qnctuh26p8yw405t4mvwhttl67620jqnstujr80
0/1779/, bc1q9vmtap9skghrf57tej6uh6kteavq2lp55rgzcw
0/1780/, bc1qps2payncnwkltdcercp6swp8zkg6rqdknkf0eq
0/1781/, bc1qpm4pdxhaufxyz5vyfnj8wszqa3ymjght4vwan5
0/1782/, bc1q5455npemcl8vz6lswzq2m34fydkd2j3gh6fuw2
0/1783/, bc1q0hstzptr2g7lk9k5lsf60s7e2hv9tu8xnprdk3
0/1784/, bc1qkej23zne8ljckeltqv8txw3jn7wxtsenejlxwp
0/1785/, bc1qrgthqq3h75ntrpwl4adahw4vta8l8mqdhsx8hk
0/1786/, bc1q5jvyrpvqedpl70qu3f8v8jsc8sxg53sy6dg2pm
0/1787/, bc1qldkdmneuglp5d05w8ermaufc6ge5jru36m83zn
0/1788/, bc1qwhrzn6c7c5a24a95cvsjt679t8lgd8qkxe7vn2
0/1789/, bc1qaymwxlu3ft6sv07zvu2u35vjaudzaq63a30pr7
0/1790/, bc1q65v45ld7d5m2zvgd05xzyw3z8wl3al5knqksld
0/1791/, bc1q70rgaaspzts65c5z06afukuqyhadm09dv6ekh0
0/1792/, bc1q2vevzhxtmdgm6swml6gyhwrlxvmqnj7tlt4m3t
0/1793/, bc1qzyycq55mavn7vj9yrejffr9jlrv4vphgah4g5y
0/1794/, bc1qsmul50gp34qqpvvpcl208v7gngffka6matw7kg
0/1795/, bc1qf9d09ctf59skj6meljcdkz8aujt9x42sflfxuy
0/1796/, bc1qfr2zcawppnfqdwfmup75g89axgd3x4stzyr6tw
0/1797/, bc1qypzkrkc2nyyg6z8nyjj5elk6wn2300a64s6zqh
0/1798/, bc1q26qjwvt8k37ewxpwg8ceq3h7flczfqw8kdc9kz
0/1799/, bc1q4ehw56u0p5nj3p79mctw0as30sguhxjmjce003
0/1800/, bc1qrvge9z5rq2r6qvz9kp6k0n0ykg5x735jll8kyt
0/1801/, bc1qcldz4544zvmj4cr5kgyrejppnw72ys0jnpthyg
0/1802/, bc1qafn2sgenlg8u4yw3vmtf69wlnzgnwfmajrv7td
0/1803/, bc1q649jvqdkcst33th6tl64nxckyt70adds7gvj43
0/1804/, bc1qdwf6a4hsxg66ma6zeryljvcsjvj4cna9sx62dt
0/1805/, bc1qflxh6mesrl6n75s74lkg43aq9yeyyse9752lyp
0/1806/, bc1qnlkwy93kch5fxh402a7v0gg3q5pug2f4w2yvrw
0/1807/, bc1qqv4hf28xgshpshl6e6t3vq0weneprp2tqawl67
0/1808/, bc1qr6ms64jtgw6867q64nvmc5vuvg8dttp5ffhpnk
0/1809/, bc1qmdu64fw5kvcgadhmgx7597f6p8fstpefm2ddva
0/1810/, bc1qtp27f7lk5hyhccvk26wnp8gpd9zja7r69rruxd
0/1811/, bc1qmz4cgcv68da4phzyg3cer0se6d3unmtmj2hqp7
0/1812/, bc1qmx0ag904xmuznfc2sns2nem0ymrjuhq8ermvqs
0/1813/, bc1q8g9skcq0tv9gfsq0f8n09xk9j63n3j8pueeg2a
0/1814/, bc1qhg0m2jkwj2nag5ld8svj29lyls8juk4m5hscyy
0/1815/, bc1qcd4wykxtlwr685dt6wfv90hy5ec2x4y2xnnz7g
0/1816/, bc1qa3fpyr9v3ve48gc4g5frgpwrujdelsm4ye4h0g
0/1817/, bc1q5c2qcw0uzrn555vp04glcaeayzr9p5tptr25nf
0/1818/, bc1qezc6nzrk60y3cnw265ajmmpvutkd84q9urau4g
0/1819/, bc1qp24klk3lgmpp9de2arjuwxehaanlfxvl357tel
0/1820/, bc1q42d7jsdlws6rlee6qmue9luuh33aa4088cpjss
0/1821/, bc1qkqlrfaqn2hkhary9x2lqtxt4zkkzqw04prl9g7
0/1822/, bc1qycqjd9qjwfduft9f3k89vckgmgsqwdqeppplcp
0/1823/, bc1qeqfj9skhtgqkgrlecmm0zfp6z6n2egcsptgdjq
0/1824/, bc1q9g4vadql30a0vw8wtwfkmfrfvjjn07pksk8xwr
0/1825/, bc1qudle9x8m8v2f7ds7ep7txlh52whf08z5jxg5my
0/1826/, bc1q82yyt8zjhqevnzzzrep04q8urhd0whnnuljdlh
0/1827/, bc1q0rc3zp0g6ypczslpn956zeu7h9all7x8jp689z
0/1828/, bc1qedjhp5t83uarugrf528y4s8t72qhektp2u4jv8
0/1829/, bc1qcs0aqkypqcqtuu58t4xflpzr0qdur2wrx9xs8a
0/1830/, bc1qget8txye6l7alrqpe745dmqkhr08v3rl55dc95
0/1831/, bc1qn8s4755wmdg2dvy7hagqv943qr7gl7kfzvsddq
0/1832/, bc1qu7kvmqzumqhd3q2qqgmsr58zfv6zpgdsfzf22s
0/1833/, bc1qt77gjw30nwxmrdp0x2vt9u2gu46a76w4cum2f3
0/1834/, bc1qz3nuyveyl29gcxkuayc6nmzy3seudx8uy0d22l
0/1835/, bc1qm7lfjkz0kwjmzaw5zayqffqnsg0xgcsqfutj7k
0/1836/, bc1qfwgu96v3wd0ayvjm4caetqyche6hqv0ev8wqgn
0/1837/, bc1qz9g5w7593wznq458frnz0yetapcqggkpyrvdwp
0/1838/, bc1qhmxlgc0y3aq37fhcd7v7eh7m5mnedj3fh8md5j
0/1839/, bc1qqnpx73rch82nnw5m695zxf8ats3l3me8glvcua
0/1840/, bc1q27pxxyw8ecrmrva0gd0hxq957x2c6expsgnt8y
0/1841/, bc1qtvmrxgfp9njaud452nh6k8kk5cgy4vlydtp4ml
0/1842/, bc1qlku3wu5e8rvczagfhy0pnlmm4m873ww97aswf2
0/1843/, bc1q4nrmyz0mh7pks3ltdmhdj0u0d49dv0483cu8d7
0/1844/, bc1qd0vaw0w6d2cg7jgtm9ehz3jsshmnkgmdxyl4de
0/1845/, bc1q98t4z8tkg29dhluta7rvhu3zh8we79wr8u6m8z
0/1846/, bc1q74unzgg7ygkanfhfjqlc8czyxgwva65q2cg5y2
0/1847/, bc1qxfdvku8cdv2ec75g6f6n55rtysy0mls7z8sp9u
0/1848/, bc1qn4g93t8q59wxu6a7xuh4napvqq4q4paqxl346a
0/1849/, bc1qlnv03hkysah3drutafp7vzt3rm9ajl6n8tqukc
0/1850/, bc1qltq56wx25fpdwc2kzpppyp06fz3hh7aw74aw3g
0/1851/, bc1q6uw37r0e94rra2ghmdwsd53ncruu4xfes0qyv2
0/1852/, bc1qgwut5pdamlh0p26vdjsc28hl4c2nae4ht25w2h
0/1853/, bc1qycp97vuvpfpf87ar8sxl0ahu77a72l4tgqvqhg
0/1854/, bc1qm47zmzehan6n8lavw2fye7tnswquppuedvegpa
0/1855/, bc1qj4uj25tda5hjez5c5m3nkxgzpq36mzxayglwc7
0/1856/, bc1q29hdzcpsqf7xsl59x3n07svlxt9x6zz3zxsz0h
0/1857/, bc1qpqscky7jn9qh0yfqdt59rw0ypk52hdn6jfwaw2
0/1858/, bc1q5zj7thzfm4ryavk2tm4fc9zlpaetxe8pw0np29
0/1859/, bc1qlnetsm45s3ywusg9uk4ukrng9rywkw2c746nnf
0/1860/, bc1q4czgq8dls0lkq0a3jqjpkuvgkfjxgedmcngntx
0/1861/, bc1qqpvqmlmm5lj3xkmqud82jdhd6zua5ywv28fwyx
0/1862/, bc1q8yj9jn0m6g5lv7xfnpgyw6eqevfpa8m24fdl77
0/1863/, bc1q3qcdhaug8dmrnnfxu0mwcv7aq7uks0pehh0v84
0/1864/, bc1q9pq0thlqm0g09826svmhnxwkze74nrq5amxgny
0/1865/, bc1q7euk5zf5fusnhfzynetxvfnma2mpva2kf9ku9c
0/1866/, bc1qtfsm80hhjqhzlt4hfqrnz4k9jsw5fqwvlp99v4
0/1867/, bc1qjrs4us77f3kj6drefz6e686kwgle2x7p7av486
0/1868/, bc1qc753aprj2ag40mq7p2mnc329s7y20nyc3wc7cf
0/1869/, bc1qs4kcxnnff3cnvv2vg0w2vef3jvf7kjmzmdna0x
0/1870/, bc1qffvs4mfd5qzqrx7e67t69ljxcgc8drnq72nz96
0/1871/, bc1qy502vfz98240w69m4eesjmptrx9p4fssxp5y80
0/1872/, bc1qf2h20jgy6ahpm20xtu96vmg5m00rvjewslvezg
0/1873/, bc1q5s35lcfgxjfg4m0alh9hd688dd9lj5dzfzn2w3
0/1874/, bc1qttv35gwtne4ufe5qrzka5rte2n3pjwhd7f5tsy
0/1875/, bc1qc9l776suvucxf56d42p0vw98nme24tv95ymkcn
0/1876/, bc1qp3ezr98a6jfhwelptvy3w6qnneu4fk42uu6llv
0/1877/, bc1qphmm4fcx2az9hkc2tp236p2tcdqdmq4ervys8y
0/1878/, bc1q2aru9acdxk0e8mmexjefnvyh69p0cgzvvwtuxl
0/1879/, bc1qrjrz32xw47292u0t9p3uaefjtgl3rn2d8q9uv2
0/1880/, bc1qgg9a9dg2y69va593tuulvxjxh5u7u4fqvca9wq
0/1881/, bc1q2tyexpastwl4qyqpzwqdxge3ye74g320l5kze7
0/1882/, bc1qh0dmqs47tc785ht5mw9alx5lwv6dj57gjrjlh3
0/1883/, bc1qg3w7zfldjr6wrdy5f7wkmapryht0ncdqrn303m
0/1884/, bc1qmqfhtnjxugemuzefasg5557kcdsgxpd4rmvryr
0/1885/, bc1qvz4ewzgcg8jzu8t0272vrqyl0d5ujwzl88cj3k
0/1886/, bc1qaztyxugn6376p22akvy8n6frea9jlfr02usze5
0/1887/, bc1qm7xwq9ynnxfktxwqk6gnchaecm7ak6sx45ff8t
0/1888/, bc1q46tmawyqzzd4f6jt4c6n7v6lrs34f6htkp5l8l
0/1889/, bc1q2ajf6x0fe5r40g5pwrqwst0hq8xkdnsf9m5fv0
0/1890/, bc1qkuxgcvzht96jvnd8g33xvjjqxg5kaxj9fwe5tp
0/1891/, bc1qq5shdjlahnx4t5ct8q0h9t0hmtwgvk7aw4pmt9
0/1892/, bc1q65skq79p7lp2dgk8dst7tzjy3ea4dfmwpnnhgz
0/1893/, bc1qyxm3lgwwtztsknl0jjqaukfzz85s3l2sdvzjlp
0/1894/, bc1qatatph5svqdle4p226th2ne29stpusr546ajnr
0/1895/, bc1qlfe3pw359dcrxce38dtuzv0ckz75rx0smhaje6
0/1896/, bc1qs27vqkzmuv4rqwrcsen86d3fdyxmav0zyh4ttw
0/1897/, bc1q24u0w5upt4mu9nfgh5uu6us454s4slxjxczwsa
0/1898/, bc1q2l6tx0teluxe2dvqpuuxm8wa5a0vlftl00lz8q
0/1899/, bc1qw8mp22fqke5z7v6a06jj00a348s2lh548cd4t6
0/1900/, bc1qg045zumpgcsfa0evgm8qgjfu865yrvvea3nsck
0/1901/, bc1qgka6ddyjw5zvkn2vfsacyhg28r905r6zz28yyl
0/1902/, bc1q4hfqle7r4u29hyn7rfd4rghg0wcprpzj5q2nwx
0/1903/, bc1qjtswzudl6zytudgf5cmm2jr72cuyt5evkuk0r8
0/1904/, bc1qttn6p7hmwwglgha9t0ycaz393qvghzgvg2xh63
0/1905/, bc1ql4k0skncgwn70td2wzmglmuvxae5zzmdaj7htu
0/1906/, bc1qur2yt56ya9zyr5y0ht5rznfxfj6gpmy8pc6455
0/1907/, bc1q94r50jf4r5a2es0gx7hs0lkyxv03kr0c4kavvn
0/1908/, bc1qepljhmpwal7sy3mv9fjquk605yr07rjp2q9rzr
0/1909/, bc1qyfrukw4mm637nu2fwvr2jjq3k66x668jzs6j0l
0/1910/, bc1qtu4qnwx03p7an5pxfs5l5yvpzn6w76u0fm05t0
0/1911/, bc1q6et02042ugjtas0hl06yw3nlqcqkqgdu8et0y3
0/1912/, bc1qvmpvuayyd30cdgmr069wz2y98fvu0nwjnek8jn
0/1913/, bc1qlvl48msdzgl8m4jnep0kwlcsvrjq8zcz7pmnqc
0/1914/, bc1q30kw8gr384h4zgvnly8srys9zccnkmrv9xcw8f
0/1915/, bc1qqynct7yue54kk8n6hzvvgp82srukee66lksr8u
0/1916/, bc1q0eaw288rw0zpza99trfautgnjfy974ememq73q
0/1917/, bc1qxad8svuprn2y6pznrxedh3x3zfj7dfe8nmf7fg
0/1918/, bc1q69wxh2plyj8jlmpu87s23nndf9tcrre4ys4rte
0/1919/, bc1qzavyzym6kcjn7ve8xvz0re47xkynduzpljlg9q
0/1920/, bc1qttm5hjd66tdcvdyljydczyfjdc6j50p4cuedq5
0/1921/, bc1qcuj6qxe525a6jjzqduzg08k3v6tfj9wv4g6mjy
0/1922/, bc1q80764j7cksx4uk0rwhhpkemytaq9zk4ycevez4
0/1923/, bc1q4kxqszf0gskx38wjcz56xnq655u7ulru6j7vky
0/1924/, bc1qdqemc5gprl8plmczwv9llh6gtpnj0ww3ff5744
0/1925/, bc1qluum4lhe3wynx9c8p6fzsuaaqfqrust6at8xll
0/1926/, bc1q3jqa3737txdnptnfdxnp9exaavxprjgsjshzu8
0/1927/, bc1qpfyazf7r9alsjkp893elsp0jtlj22axc4gk5kj
0/1928/, bc1q4why3j0ny8zmf0xrfc75u50m7gm2fam92mmhyw
0/1929/, bc1qs7zf5q472jayfrkdllfktrj2jw8r34akfamp0n
0/1930/, bc1qj3ex56z08jxxr28xwxuyl55ly59lkv359kcxuf
0/1931/, bc1qj7lgzk60qnfp5r6d3evfkf62vewez0pn46dnvq
0/1932/, bc1qnqkgw8zh4akpswknan9l62nae0x3rdvesxyww9
0/1933/, bc1q0nkvla0uuxs0zjg3ekeu8pdezyxzjyt0pw48vl
0/1934/, bc1q0k4nrmm66rzdswyu76n7r6swez4ypn3n4l9s9s
0/1935/, bc1qzcdmwsdan28wnjy0c2xun2cufunpm9m9qrl47f
0/1936/, bc1qqkkswan8wt9wk5qr2twt4naty0tcdgnsqcueuf
0/1937/, bc1qyed7zah9zu5n39tckq87m4altghrsaddyauaud
0/1938/, bc1qp3rusy439f89d4ey2nkr43yhgwukr95mtr3wha
0/1939/, bc1qr8n70kd2mzlddqwd5skcd7exhuwn8zj6qg2mla
0/1940/, bc1qv7hnqclxzx2l36gs65ejszu0vp2znl9hpzqnh6
0/1941/, bc1qu9nvystusn75e04ntcj54ztvdm3rh6ar4kex7q
0/1942/, bc1q5c4mtma882t94cc8tnfg0a85k5qyshcwruspxy
0/1943/, bc1qaa9m6aguyekhv86p07kstwgvgxcxcd73s63dg4
0/1944/, bc1qgzxtmuq3pdpz2vr8g95s9xefkz8vy93r48r4g0
0/1945/, bc1qavkakshzy9t976w5hqm50pfm3sjqrd9puvvlft
0/1946/, bc1qz9en7rgq495y2emmmwf9rny7yqehxvrrpgs0l9
0/1947/, bc1qt5gt2pdfk6sqv0ch5djpn34jygegrhlkd8tqvz
0/1948/, bc1qu3q6nppwdkht9sqcsy2szg9crdh47yeqhvh6l8
0/1949/, bc1qmjdr4mled3rd88s3ttys77szv4cye20zc2rj39
0/1950/, bc1qnstgulkfctfpmjrggxzxrw84lcst500yxww5r7
0/1951/, bc1q4sdydflkny4r90mwc8rrtuaksqsd8zy6wez7pm
0/1952/, bc1qhqzmrjt6mvpafve6ugf3n3sw6lu3vuv0yns7q5
0/1953/, bc1qrkujh666xx5g39qjaqhewzp2hdl96v6eckahqv
0/1954/, bc1q3frlzty4kvg4nvwex3kydk9mw5d45nwju64yw4
0/1955/, bc1qp2xepzudvgank52z0xah38xv2yplqk5kjvq6ym
0/1956/, bc1q48waxhkxpllvwg2mx2t0neq9pdecrnu5pfnsx7
0/1957/, bc1quz3vc3540rz2x6jajqnd0z2r7jtu3eyjrv0xmx
0/1958/, bc1q6du7p07wa3j88s3hw3p82vgarkt0vyssacqym0
0/1959/, bc1qyptuqmq64kadcl55p7xjpdekhdzmlky4wzdtz9
0/1960/, bc1qg26p34v3ccmn8d764y7zpamnqn9x47qsw852hz
0/1961/, bc1qqqly89gadnnn625ne9967tpkpw2pmzzkklksls
0/1962/, bc1qxazlm5phpxhcpeh8933jvakcz6ljxxgl3xwq5k
0/1963/, bc1qa3x6llnjpn53fe3umu8m8t6696hy5fakn73u2y
0/1964/, bc1qcymsffnavlaxm04ccjqm3gkrjppzj25nfpduqv
0/1965/, bc1q4sdclzhw5kdvej0a7qqpddmh3l09zavzfnplwj
0/1966/, bc1qk78sy33tqpc4gk6vghu68g8njr4gxyfuelw93c
0/1967/, bc1q3v2cjl6mg98mzm3rknd288565m5vr4qsx3h4kr
0/1968/, bc1qw28t002ksgl2zhwqxd84ph87d8ddxwgffd62ls
0/1969/, bc1qzwm59x6kuld9a5c20q4frc5rcsqfe5qujtu46e
0/1970/, bc1qn3wcmzu95re2prmu9gf58gz08fhdtxhg2cd5ud
0/1971/, bc1qcxq4rk4z9xgjw55tjuu0e3uh0muh6ndc9yp54t
0/1972/, bc1qx9u46t7j6rxnswperddjc74vcy3jnf54q2npj3
0/1973/, bc1qfzwav0dsq20zt36ndr7fcl84m9myzpc3f5a4et
0/1974/, bc1qljr908akvcpkx2m3dfpr5yfn82yt2puxxqc5w0
0/1975/, bc1q5j4e0qu892xqwf3k3zj82ajx7q89mtgt7cgj2v
0/1976/, bc1q3vs4yjr4944hq9tpet4j7a56d47q3c46aj0tsd
0/1977/, bc1qzcxkyf3c45y7s2mq6x3p5n8uhsg894lm7kg9py
0/1978/, bc1q69y3shc0m2xekzagn2wyk443e8lsjkvz9t47xd
0/1979/, bc1ql4qe2cxt23x88gtn4hgqhwcdenxg6p84ykd8wj
0/1980/, bc1qu388fxy9ucdtk8jjanwxdgnyqeynjqjnd83a9w
0/1981/, bc1qnlyn3pjrelk05mgwm755ga0jdxe8chemg5jnzz
0/1982/, bc1q73lxsgva0caj4nq0lve380g4cxcetf4va5eawj
0/1983/, bc1q5x3xg908l74ftumxppqk9cmmynf847nzlqf2jc
0/1984/, bc1qjus0g5scd774a82mp4kdgr8trzkv3w3ssp3qh9
0/1985/, bc1q7uhld6cz50uhpmstrqqdy2h8e6h04fu6xsjk76
0/1986/, bc1qxsrxvkvmrjwujh8zc7sjkksc3w27vxn2mfpcxg
0/1987/, bc1qpk02a49cv3m2dgdty4dg8ljce5v406f8cg48yy
0/1988/, bc1qxd8nxcy5uvhfvyr67appmyw989xm2zmqpfke93
0/1989/, bc1qsjy5u6qjtekpw37hs0ql43gyrg84cskqyhkxg3
0/1990/, bc1q3ef4d8j426stpnp3tjq75l39tjm25pwr568d44
0/1991/, bc1q0vrha5uflt99c369hp99kgvk3jjec3x4khyu4v
0/1992/, bc1q6yaklsfztmxmtyva4u7ar4p7fjjq4u34uvvkj7
0/1993/, bc1qpn0uph0cmw0p35tzdz77wss6l6h4d0rk8d9n98
0/1994/, bc1q8jm5ns5l336d3s3zmrtlnj8nfzkwsptgy34mlk
0/1995/, bc1qye5geaw43hxssg8j84u45yj032rd85fsp494g5
0/1996/, bc1ql2q4zqqz97lchx3pa4ukz5n69k3z9qkn5ls9v0
0/1997/, bc1qngr9nzk73gka7c9l97ww8hkcut02n6wkuc9f79
0/1998/, bc1qzsxznzlgcwv9wf6dra6fk4ph9v3s7jlnythem2
0/1999/, bc1qec8m0j33qjva2vemlqrk86g03k64s5xqx5dc43
0/2000/, bc1qp39nd3np0j4rmp2nqclg34ml2vxffmtxdshxa2
0/2001/, bc1qkgdfkgkve3k0u60g3j7yxc2tulwrj8ruekuyjm
0/2002/, bc1qgm8cxux59rsfdtlvj8seeclazkdngguxgtep5w
0/2003/, bc1ql62xhcz6z2fpe7qfyvweeux3xf4r8ed0flly0k
0/2004/, bc1qkh9e4jdn6u4exyw5q4glhfjr47epm87nq3ujhv
0/2005/, bc1qpqzm658ytcrku4huaev5a6fgqnrlf8sl49ys2a
0/2006/, bc1qcs7w0a57fg5j5q3z4vctzd0jjenvrlpzf3v0f6
0/2007/, bc1qme7pujer3ph5v823c4qy7j3mw0w8l0yq4agppk
0/2008/, bc1qwzw0m26dev98qrva5c9edxy5579nwqerlnxjp8
0/2009/, bc1qzpl0gvyae3vvakfrmmkrv5lqh6z4m9ammqqek8
0/2010/, bc1qp4del7m2w6pk9ple690jcw56xd02h6w7xq8esx
0/2011/, bc1quds7s4azlyyfzuja3k377ty6ycl277araza6wx
0/2012/, bc1q7a72vxwummzntpwn8sdc6l04c69wgcxk45zpgm
0/2013/, bc1qdn6ys8mnzj3na8wk0cw2tw9e9rca4g0yk4nkhl
0/2014/, bc1q48qly222cyty228esxryy2ed5k5laspyv2tm7h
0/2015/, bc1qfs8avga8tpkgur5cgg4l7p2ghm6alnw0khqxcy
0/2016/, bc1qm7g6cvjtztytu9eeu0pj0cpajs2v3r0y5eclf8
0/2017/, bc1q70enrfnhkedypz03tuyd9u237h0kfprfc5ym7j
0/2018/, bc1q5gpsaymkmr4km5p8gkmcpxs5r5aqkhgxzkhtfx
0/2019/, bc1qty6kuj39xf98aszvpe69tsl9efjxs7qsdppuhn
0/2020/, bc1qyrweet46uw0chdfnr22fsvmkqea2h2u5gtm5l0
0/2021/, bc1qfugh6s2xk039m70wzpn5kynhd57ptewucwg0kl
0/2022/, bc1qsamweaek54d8smhl234cuzvfmupjr95j89njkv
0/2023/, bc1q5p4j6meusf662amaxkvy95tl3sqal6wak2v48q
0/2024/, bc1q9sa2h6st8xufjvcwhxx88um8jtrnths8qg8e3l
0/2025/, bc1qgg0ez3t3hchlz88nxm65quag9ryz29jqtsalyx
0/2026/, bc1qx8kr86dmjlzqrnkyqhjhnkmu69378ts2c9glau
0/2027/, bc1qp4haq2vu7enj6dcmcx8ns92u0muxd9dqm7h9jy
0/2028/, bc1q6c96khd365znu33r9kj22pm6d562n2e8nukek5
0/2029/, bc1qwfspg0gt8znj0tgtfymt9pp886ny5qdrxcmuy7
0/2030/, bc1qkq0y0ldrw3p52knxhkp0243zt83nxl836ayal4
0/2031/, bc1qe60g7gacv9s8nm5xtlskcgxglkkuu45grm9g0x
0/2032/, bc1qtu9yuf06lw6uv7ahr330cvdgzd5t7h689eerhr
0/2033/, bc1qs64s9ls4gca8ld9edwggg75f2uzxnpm65pzld9
0/2034/, bc1qc6698t7tf9pn3x03uw7w4f9prtppfejzx0n96z
0/2035/, bc1qeemr7t62efst69mh6cpcg4x4t5n30tyknx335s
0/2036/, bc1q9ks2rkqthkd8tdpk5fcfp8u6kg3jkvh90s3ccl
0/2037/, bc1qnr8afwctd52ehdv986l2dwsk625jvtyjunneaw
0/2038/, bc1qtvrd64rc7j0l5700cnrq96rptsj4mraqav5h9h
0/2039/, bc1qgrt4pacrm5np3eqlhghp30yjlqfu0pk9x6mnhc
0/2040/, bc1q3wr5fwqvur7asvp2x0yl2eff7gat09jtscq4g6
0/2041/, bc1qt30kfjss93al809q4xpg66suzltmp42k87u6g4
0/2042/, bc1qsfzs7we89lxxvgepfzh35wj0d79cd2gy9hadvt
0/2043/, bc1qqxsa0l7w5ytnedjk7wl72pakg6fxsx32qccatt
0/2044/, bc1qmvsyzm5pd94t4drrl28yrenu7n2qknkhg72r53
0/2045/, bc1qzqu6leyzafelqnad3fqdcgvax7s05fghhycaus
0/2046/, bc1qsjjt85j02yxkrra73tctyueyeur30zqmlseell
0/2047/, bc1qpsrhmdytess8s0a6damdn047ypr0zvez2fpp6u
0/2048/, bc1qks8ltyuu7c22r98kjk3qpm47a8tk6rs00pvp8a
0/2049/, bc1qn8xcsh2fxxe3afj977ztj2klgjdu40lxsv9y8z
0/2050/, bc1q0dr4admy2kzkhaw6tt8rrhtkalahax6h4pn3sc
0/2051/, bc1qudzv6dp6dg4srfr856wldef9r9g6cuwvqm50ks
0/2052/, bc1qqa846vr7dg3l3qcgyn8vu8eaecfflvkavqvddz
0/2053/, bc1qz788lhr0u0nnmpjnz963aqq6vqztn7z0ezwkwl
0/2054/, bc1qehkuj93gxuld80clnyy3t5lm0h7mp70jttv52u
0/2055/, bc1qdltp5jum2lew779nzlckxuxzda5knj3m5u668r
0/2056/, bc1qmrksvhc6atgn9fcf07uvlhmrjp5eh37a6t668j
0/2057/, bc1qlr7z7mpjeskxetl4f8d36dtkr7je4ft8lx5lpy
0/2058/, bc1qjvz5ywr9vgwhyrds68n7qej8u6cr44dsm29w5m
0/2059/, bc1qyy975qsh5kj67u8k5f2csy6g04h6txp567pnr7
0/2060/, bc1q986cxl0ytwy4s34r8svz650wj2pqq88ycrjglu
0/2061/, bc1qqpvw0cxzjmjnfec897qrml49rv7gjuazc48llf
0/2062/, bc1qskzhpsffmm3u90tzzvs45wdqsusdvn0nu4888q
0/2063/, bc1qgv5ypuwxf6dq0q329z8cfvy385glf2xw2u0rmc
0/2064/, bc1q59k8agtcmqmwjvx0kafx2mwuxk6l38ruhlrgft
0/2065/, bc1q6dh6x3zkpyfetlecg6wxftykvk42xxqyc9zype
0/2066/, bc1qzl7h2m0yq0waqzxkcjcapegsa203x6d9v0t6zs
0/2067/, bc1q4lntm0dnwgnhdupmte8aytg97e825n840afkc3
0/2068/, bc1qxgpe9rukh9urdhqmd79cacfxk6gg43jm3tp5m2
0/2069/, bc1q3mk6epc6hcxn8luundfm96wtqspvzy7xhkzntx
0/2070/, bc1q69ftj35ytaqrsxjzj4ukguzml8qgdy79w8hmf0
0/2071/, bc1qan00s80nw26q5x6d6sxuyjg27l9rdh70sk320d
0/2072/, bc1qmfrageupw7q3wpvd5d07z80kk94duk705g2svw
0/2073/, bc1qpxvgxtehpq8zaj62jwuaq0stu8kzakz0s5yds0
0/2074/, bc1qsg9cfk9zmd6t3777wjwmwvn2jlcjud0ldj0n4e
0/2075/, bc1qjmfxuzyx8spucae0dgqavrp7ujadkrwfyzmjya
0/2076/, bc1q8ysld0ukhun0rvn6e9csxws98f3el2emenvhmk
0/2077/, bc1qwmqffpfjq4539l3tesudp55rqrm3w36fhlqgn0
0/2078/, bc1q0m59m4hhsyfpaqphu2qwju852udadk870ydwfv
0/2079/, bc1qvjl0hhtlrgatjaaw072tp4tj746lalayjhpm6n
0/2080/, bc1q59unyrkjhnt7yenp006qsqp4wxstwkxanpcacv
0/2081/, bc1qndcqkydzdrezvkn6q8a3wzhqyehmgy6qprv98t
0/2082/, bc1qg5c0hyygejyy440n2ajxkxfuclwc84ntt0pcdh
0/2083/, bc1qut7uyqdnjdp674uea4q2cxp836eau4m4txgdyu
0/2084/, bc1qwdq6gq9vme6f888ua5qgx65vthmkh2su7upuah
0/2085/, bc1q58undtvnvedag07dn9lwhqwj0svdpghrxzx7vn
0/2086/, bc1qfmwqhd8u2lpz6ujvrgs6x3ejnvl9tusaejwm6l
0/2087/, bc1qk9rn7j32quh9x38al7fnznm2st6uthy673nk7f
